"","dg_id","player_name","tour_rounds","dg_player_name","espn_id","birthdate","birthplace","college","swing","turned_pro","link"
"1",7881,"Kang, Sung",538,NA,NA,NA,NA,NA,NA,NA,NA
"2",13497,"Lee, Kyoung-Hoon",239,NA,NA,NA,NA,NA,NA,NA,NA
"3",17786,"Davis, Cameron",219,NA,NA,NA,NA,NA,NA,NA,NA
"4",13497,"Lee, K.H.",199,NA,NA,NA,NA,NA,NA,NA,NA
"5",17786,"Davis, Cam",171,NA,NA,NA,NA,NA,NA,NA,NA
"6",17584,"McCumber, Tyler",163,"McCumber, Tyler",9002,NA,NA,NA,"Right",NA,"https://www.espn.com/golf/player/_/id/9002/tyler-mccumber"
"7",12909,"Campos, Rafael",133,"Campos, Rafael",3683,NA,NA,NA,"Right",NA,"https://www.espn.com/golf/player/_/id/3683/rafael-campos"
"8",14036,"Sucher, Zack",128,"Sucher, Zack",4708,NA,NA,NA,"Right",NA,"https://www.espn.com/golf/player/_/id/4708/zack-sucher"
"9",14837,"Randolph, Jonathan",122,"Randolph, Jonathan",5578,NA,NA,NA,"Right",NA,"https://www.espn.com/golf/player/_/id/5578/jonathan-randolph"
"10",16382,"Knous, Jim",122,"Knous, Jim",6894,NA,"Basalt, Colorado","Colorado Mines","Right",2012,"https://www.espn.com/golf/player/_/id/6894/jim-knous"
"11",13342,"Gibson, Rhein",114,"Gibson, Rhein",3948,NA,NA,"Oklahoma Christian U","Right",2010,"https://www.espn.com/golf/player/_/id/3948/rhein-gibson"
"12",14776,"Cappelen, Sebastian",113,"Cappelen, Sebastian",9564,NA,NA,NA,"Right",NA,"https://www.espn.com/golf/player/_/id/9564/sebastian-cappelen"
"13",13971,"Baker, Chris",111,"Baker, Chris",4628,NA,NA,NA,"Right",NA,"https://www.espn.com/golf/player/_/id/4628/chris-baker"
"14",19909,"Gellerman, Michael",95,"Gellerman, Michael",10065,NA,NA,NA,"Right",NA,"https://www.espn.com/golf/player/_/id/10065/michael-gellerman"
"15",26096,"Bhatia, Akshay",95,NA,NA,NA,NA,NA,NA,NA,NA
"16",15239,"Ledesma, Nelson",94,"Ledesma, Nelson",6677,NA,NA,NA,"Right",NA,"https://www.espn.com/golf/player/_/id/6677/nelson-ledesma"
"17",18869,"Lamb, Rick",84,"Lamb, Rick",9691,NA,NA,NA,"Right",NA,"https://www.espn.com/golf/player/_/id/9691/rick-lamb"
"18",20730,"Perez, Victor",79,NA,NA,NA,NA,NA,NA,NA,NA
"19",16841,"Lee, Min Woo",73,NA,NA,NA,NA,NA,NA,NA,NA
"20",14368,"Janewattananond, Jazz",71,NA,NA,NA,NA,NA,NA,NA,NA
"21",28558,"Werbylo, Trevor",70,"Werbylo, Trevor",4869640,NA,"Tucson, Arizona","Arizona","Right",2021,"https://www.espn.com/golf/player/_/id/4869640/trevor-werbylo"
"22",19552,"Tracy, Ethan",68,"Tracy, Ethan",10375,NA,NA,NA,"Right",NA,"https://www.espn.com/golf/player/_/id/10375/ethan-tracy"
"23",10886,"Harding, Justin",66,NA,NA,NA,NA,NA,NA,NA,NA
"24",7292,"Molder, Bryce",64,NA,NA,NA,NA,NA,NA,NA,NA
"25",13485,"Imahira, Shugo",62,NA,NA,NA,NA,NA,NA,NA,NA
"26",17881,"Yu, Kevin",61,"Yu, Kevin",4349547,NA,NA,NA,"Right",NA,"https://www.espn.com/golf/player/_/id/4349547/kevin-yu"
"27",17266,"Yuan, Carl",58,NA,NA,NA,NA,NA,NA,NA,NA
"28",12414,"Schnell, Brady",55,"Schnell, Brady",3446,NA,NA,NA,"Right",NA,"https://www.espn.com/golf/player/_/id/3446/brady-schnell"
"29",17081,"Sharma, Shubhankar",54,NA,NA,NA,NA,NA,NA,NA,NA
"30",19190,"Hoshino, Rikuya",52,NA,NA,NA,NA,NA,NA,NA,NA
"31",19864,"Hammer, Cole",52,NA,NA,NA,NA,NA,NA,NA,NA
"32",23606,"Meyer, Dylan",50,NA,NA,NA,NA,NA,NA,NA,NA
"33",15614,"Yun, Andrew",49,"Yun, Andrew",6067,NA,NA,NA,"Right",NA,"https://www.espn.com/golf/player/_/id/6067/andrew-yun"
"34",15326,"Sullivan, Andy",48,"Sullivan, Andy",5956,NA,NA,NA,"Right",NA,"https://www.espn.com/golf/player/_/id/5956/andy-sullivan"
"35",18059,"Suri, Julian",48,NA,NA,NA,NA,NA,NA,NA,NA
"36",23838,"Hojgaard, Rasmus",46,NA,NA,NA,NA,NA,NA,NA,NA
"37",19729,"Kanaya, Takumi",44,NA,NA,NA,NA,NA,NA,NA,NA
"38",29767,"Gerard, Ryan",44,NA,NA,NA,NA,NA,NA,NA,NA
"39",14666,"Johnston, Andrew",42,"Johnston, Andrew",5838,NA,NA,NA,"Right",NA,"https://www.espn.com/golf/player/_/id/5838/andrew-johnston"
"40",23602,"Hojgaard, Nicolai",40,NA,NA,NA,NA,NA,NA,NA,NA
"41",21135,"Love, Dru",38,"Love IV, Dru",10324,NA,NA,NA,"Right",NA,"https://www.espn.com/golf/player/_/id/10324/dru-love"
"42",12333,"Block, Michael",37,"Block, Michael",3312,NA,"United States",NA,"Right",NA,"https://www.espn.com/golf/player/_/id/3312/michael-block"
"43",18660,"Wyatt, Bobby",37,"Wyatt, Bobby",9570,NA,NA,NA,"Right",NA,"https://www.espn.com/golf/player/_/id/9570/bobby-wyatt"
"44",25317,"McDaniel, Chip",37,NA,NA,NA,NA,NA,NA,NA,NA
"45",27820,"Pak, John",37,NA,NA,NA,NA,NA,NA,NA,NA
"46",26211,"Augenstein, John",36,NA,NA,NA,NA,NA,NA,NA,NA
"47",14016,"Campillo, Jorge",34,NA,NA,NA,NA,NA,NA,NA,NA
"48",14196,"Meronk, Adrian",34,NA,NA,NA,NA,NA,NA,NA,NA
"49",15953,"Oda, John",34,NA,NA,NA,NA,NA,NA,NA,NA
"50",17357,"Migliozzi, Guido",34,NA,NA,NA,NA,NA,NA,NA,NA
"51",26013,"Nimmer, Bryson",34,NA,NA,NA,NA,NA,NA,NA,NA
"52",5723,"Owen, Greg",33,NA,NA,NA,NA,NA,NA,NA,NA
"53",9675,"Lorenzo-Vera, Michael",32,NA,NA,NA,NA,NA,NA,NA,NA
"54",27600,"Kuest, Peter",32,NA,NA,NA,NA,NA,NA,NA,NA
"55",10086,"Park, Sanghyun",31,NA,NA,NA,NA,NA,NA,NA,NA
"56",18524,"Catlin, John",31,NA,NA,NA,NA,NA,NA,NA,NA
"57",23236,"Arnaus, Adri",30,NA,NA,NA,NA,NA,NA,NA,NA
"58",26122,"Flavin, Patrick",30,NA,NA,NA,NA,NA,NA,NA,NA
"59",28158,"Bennett, Sam",30,NA,NA,NA,NA,NA,NA,NA,NA
"60",7326,"Vermeer, Ryan",28,NA,NA,NA,NA,NA,NA,NA,NA
"61",15056,"Horikawa, Mikumu",28,NA,NA,NA,NA,NA,NA,NA,NA
"62",23502,"Thornberry, Braden",28,NA,NA,NA,NA,NA,NA,NA,NA
"63",27597,"Ogletree, Andy",28,NA,NA,NA,NA,NA,NA,NA,NA
"64",17169,"Ruffels, Ryan",27,"Ruffels, Ryan",10096,NA,NA,NA,"Right",NA,"https://www.espn.com/golf/player/_/id/10096/ryan-ruffels"
"65",24562,"Knowles, Philip",27,NA,NA,NA,NA,NA,NA,NA,NA
"66",12734,"Scrivener, Jason",26,NA,NA,NA,NA,NA,NA,NA,NA
"67",14775,"Bjork, Alexander",26,NA,NA,NA,NA,NA,NA,NA,NA
"68",15756,"Higa, Kazuki",26,NA,NA,NA,NA,NA,NA,NA,NA
"69",21074,"Nakajima, Keita",26,NA,NA,NA,NA,NA,NA,NA,NA
"70",27183,"Salinda, Isaiah",26,NA,NA,NA,NA,NA,NA,NA,NA
"71",27774,"Gotterup, Chris",26,NA,NA,NA,NA,NA,NA,NA,NA
"72",17280,"Vogel, T.J.",25,NA,NA,NA,NA,NA,NA,NA,NA
"73",14975,"Otaegui, Adrian",24,NA,NA,NA,NA,NA,NA,NA,NA
"74",16165,"Inamori, Yuki",24,NA,NA,NA,NA,NA,NA,NA,NA
"75",23853,"Beach, Alex",24,NA,NA,NA,NA,NA,NA,NA,NA
"76",24354,"Xiong, Norman",24,NA,NA,NA,NA,NA,NA,NA,NA
"77",26190,"Ortiz, Alvaro",24,NA,NA,NA,NA,NA,NA,NA,NA
"78",28309,"Coody, Pierceson",24,NA,NA,NA,NA,NA,NA,NA,NA
"79",10486,"Claxton, Will",23,NA,NA,NA,NA,NA,NA,NA,NA
"80",7532,"Ormsby, Wade",22,NA,NA,NA,NA,NA,NA,NA,NA
"81",8263,"Perry, Rod",22,NA,NA,NA,NA,NA,NA,NA,NA
"82",10622,"Mueller, Jesse",22,NA,NA,NA,NA,NA,NA,NA,NA
"83",11441,"Covello, Vince",22,"Covello, Vince",4085,NA,NA,NA,"Right",NA,"https://www.espn.com/golf/player/_/id/4085/vince-covello"
"84",12213,"Hebert, Benjamin",22,NA,NA,NA,NA,NA,NA,NA,NA
"85",16652,"Langasque, Romain",22,NA,NA,NA,NA,NA,NA,NA,NA
"86",19863,"Berberian, Jr., Rich",22,NA,NA,NA,NA,NA,NA,NA,NA
"87",26649,"Thorbjornsen, Michael",22,NA,NA,NA,NA,NA,NA,NA,NA
"88",6287,"Kennedy, Brad",20,NA,NA,NA,NA,NA,NA,NA,NA
"89",8046,"Han, Seungsu",20,NA,NA,NA,NA,NA,NA,NA,NA
"90",11156,"Lee, Tae Hee",20,NA,NA,NA,NA,NA,NA,NA,NA
"91",12177,"Pavan, Andrea",20,NA,NA,NA,NA,NA,NA,NA,NA
"92",16888,"Silfa, Hiram",20,NA,NA,NA,NA,NA,NA,NA,NA
"93",27774,"Gotterup, Christopher",20,NA,NA,NA,NA,NA,NA,NA,NA
"94",294,"Lyle, Sandy",18,NA,NA,NA,NA,NA,NA,NA,NA
"95",2878,"Gamez, Robert",18,NA,NA,NA,NA,NA,NA,NA,NA
"96",11793,"McLuen, Jay",18,"McLuen, Jay",2708,NA,NA,NA,"Right",NA,"https://www.espn.com/golf/player/_/id/2708/jay-mcluen"
"97",14559,"Vincent, Scott",18,NA,NA,NA,NA,NA,NA,NA,NA
"98",14904,"Kinoshita, Ryosuke",18,NA,NA,NA,NA,NA,NA,NA,NA
"99",18105,"Lawrence, Thriston",18,NA,NA,NA,NA,NA,NA,NA,NA
"100",18514,"Kinhult, Marcus",18,NA,NA,NA,NA,NA,NA,NA,NA
"101",18770,"Rozner, Antoine",18,NA,NA,NA,NA,NA,NA,NA,NA
"102",19898,"Paul, Yannik",18,NA,NA,NA,NA,NA,NA,NA,NA
"103",19960,"Pavon, Matthieu",18,NA,NA,NA,NA,NA,NA,NA,NA
"104",20448,"Katsuragawa, Yuto",18,NA,NA,NA,NA,NA,NA,NA,NA
"105",21549,"Mack III, Willie",18,NA,NA,NA,NA,NA,NA,NA,NA
"106",25889,"Nienaber, Wilco",18,NA,NA,NA,NA,NA,NA,NA,NA
"107",28323,"Koch, Greg",18,NA,NA,NA,NA,NA,NA,NA,NA
"108",7880,"Kim, K.T.",16,NA,NA,NA,NA,NA,NA,NA,NA
"109",12426,"Waring, Paul",16,NA,NA,NA,NA,NA,NA,NA,NA
"110",14951,"Saksansin, Poom",16,NA,NA,NA,NA,NA,NA,NA,NA
"111",16897,"Lombard, Zander",16,NA,NA,NA,NA,NA,NA,NA,NA
"112",17813,"Armitage, Marcus",16,NA,NA,NA,NA,NA,NA,NA,NA
"113",18239,"Truslow, Austen",16,NA,NA,NA,NA,NA,NA,NA,NA
"114",19704,"Connelly, Austin",16,"Connelly, Austin",10017,NA,NA,NA,"Right",NA,"https://www.espn.com/golf/player/_/id/10017/austin-connelly"
"115",23113,"Hagestad, Stewart",16,NA,NA,NA,NA,NA,NA,NA,NA
"116",23816,"Valimaki, Sami",16,NA,NA,NA,NA,NA,NA,NA,NA
"117",24450,"Strafaci, Tyler",15,NA,NA,NA,NA,NA,NA,NA,NA
"118",5697,"Allan, Steve",14,NA,NA,NA,NA,NA,NA,NA,NA
"119",7962,"Lunde, Bill",14,NA,NA,NA,NA,NA,NA,NA,NA
"120",11569,"Baldwin, Mark",14,NA,NA,NA,NA,NA,NA,NA,NA
"121",13307,"Kim, Sihwan",14,NA,NA,NA,NA,NA,NA,NA,NA
"122",14209,"Kozuma, Jinichiro",14,NA,NA,NA,NA,NA,NA,NA,NA
"123",15596,"Cockerill, Aaron",14,NA,NA,NA,NA,NA,NA,NA,NA
"124",16044,"Figueroa, Edward",14,NA,NA,NA,NA,NA,NA,NA,NA
"125",16598,"Lee, Tain",14,NA,NA,NA,NA,NA,NA,NA,NA
"126",17032,"Tosti, Alejandro",14,NA,NA,NA,NA,NA,NA,NA,NA
"127",18174,"Ritchie, JC",14,NA,NA,NA,NA,NA,NA,NA,NA
"128",18517,"Soderberg, Sebastian",14,NA,NA,NA,NA,NA,NA,NA,NA
"129",22919,"Cannon, Will",14,NA,NA,NA,NA,NA,NA,NA,NA
"130",23094,"Nido, Chris",14,NA,NA,NA,NA,NA,NA,NA,NA
"131",23610,"Crocker, Sean",14,NA,NA,NA,NA,NA,NA,NA,NA
"132",25319,"VanDerLaan, John",14,NA,NA,NA,NA,NA,NA,NA,NA
"133",27164,"Phillips, Chandler",14,NA,NA,NA,NA,NA,NA,NA,NA
"134",27996,"Cummins, Quade",14,NA,NA,NA,NA,NA,NA,NA,NA
"135",29433,"Bridgeman, Jacob",14,NA,NA,NA,NA,NA,NA,NA,NA
"136",13338,"Dugas, Eric",13,NA,NA,NA,NA,NA,NA,NA,NA
"137",16492,"Nesbitt, Drew",13,NA,NA,NA,NA,NA,NA,NA,NA
"138",24960,"Cunningham, George",13,NA,NA,NA,NA,NA,NA,NA,NA
"139",589,"Clearwater, Keith",12,NA,NA,NA,NA,NA,NA,NA,NA
"140",9252,"Korhonen, Mikko",12,NA,NA,NA,NA,NA,NA,NA,NA
"141",12377,"Otsuki, Tomoharu",12,NA,NA,NA,NA,NA,NA,NA,NA
"142",14128,"Charoenkul, Gunn",12,NA,NA,NA,NA,NA,NA,NA,NA
"143",14568,"Favela, Armando",12,NA,NA,NA,NA,NA,NA,NA,NA
"144",15116,"Jertson, Marty",12,NA,NA,NA,NA,NA,NA,NA,NA
"145",15193,"van Tonder, Daniel",12,"Van Tonder, Daniel",5857,NA,NA,NA,"Right",NA,"https://www.espn.com/golf/player/_/id/5857/daniel-van-tonder"
"146",15487,"Vazquez, Sebastian",12,NA,NA,NA,NA,NA,NA,NA,NA
"147",15796,"Lee, Hyungjoon",12,NA,NA,NA,NA,NA,NA,NA,NA
"148",17266,"Yuan, Yechun",12,NA,NA,NA,NA,NA,NA,NA,NA
"149",17273,"Fischer, Zack",12,NA,NA,NA,NA,NA,NA,NA,NA
"150",19047,"Lee, Jaekyeong",12,NA,NA,NA,NA,NA,NA,NA,NA
"151",20522,"Veerman, Johannes",12,NA,NA,NA,NA,NA,NA,NA,NA
"152",22916,"Pigman, Kenny",12,NA,NA,NA,NA,NA,NA,NA,NA
"153",23048,"Stanger, Jimmy",12,NA,NA,NA,NA,NA,NA,NA,NA
"154",25076,"Ban, Shintaro",12,NA,NA,NA,NA,NA,NA,NA,NA
"155",25078,"DeMorat, Mickey",12,NA,NA,NA,NA,NA,NA,NA,NA
"156",25138,"Long, Hurly",12,NA,NA,NA,NA,NA,NA,NA,NA
"157",27900,"Potgieter, Aldrich",12,NA,NA,NA,NA,NA,NA,NA,NA
"158",29230,"Piot, James",12,NA,NA,NA,NA,NA,NA,NA,NA
"159",30814,"Sargent, Gordon",12,NA,NA,NA,NA,NA,NA,NA,NA
"160",4970,"Berganio, Jr., David",11,NA,NA,NA,NA,NA,NA,NA,NA
"161",19681,"Semikawa, Taiga",11,NA,NA,NA,NA,NA,NA,NA,NA
"162",24965,"Everett, Broc",11,NA,NA,NA,NA,NA,NA,NA,NA
"163",7836,"Morin, Alan",10,NA,NA,NA,NA,NA,NA,NA,NA
"164",8045,"Walters, Justin",10,NA,NA,NA,NA,NA,NA,NA,NA
"165",10523,"Nagano, Ryutaro",10,NA,NA,NA,NA,NA,NA,NA,NA
"166",10829,"Bland, Adam",10,NA,NA,NA,NA,NA,NA,NA,NA
"167",11195,"Kataoka, Daisuke",10,"Kataoka, Daisuke",6657,NA,NA,NA,"Right",NA,"https://www.espn.com/golf/player/_/id/6657/daisuke-kataoka"
"168",11397,"Jamieson, Scott",10,NA,NA,NA,NA,NA,NA,NA,NA
"169",13013,"Bertasio, Nino",10,NA,NA,NA,NA,NA,NA,NA,NA
"170",13497,"Lee, Kyounghoon",10,NA,NA,NA,NA,NA,NA,NA,NA
"171",13530,"Kawamura, Masahiro",10,NA,NA,NA,NA,NA,NA,NA,NA
"172",13619,"Leon, Hugo",10,NA,NA,NA,NA,NA,NA,NA,NA
"173",14120,"Samooja, Kalle",10,NA,NA,NA,NA,NA,NA,NA,NA
"174",14456,"Santos, Julio",10,NA,NA,NA,NA,NA,NA,NA,NA
"175",15115,"Senior, Jack",10,NA,NA,NA,NA,NA,NA,NA,NA
"176",15428,"Hocknull, Craig",10,NA,NA,NA,NA,NA,NA,NA,NA
"177",15903,"Pumarol, Willy",10,NA,NA,NA,NA,NA,NA,NA,NA
"178",16160,"Song, Young-han",10,NA,NA,NA,NA,NA,NA,NA,NA
"179",16648,"Tokimatsu, Ryuko",10,NA,NA,NA,NA,NA,NA,NA,NA
"180",17146,"McLeod, Jake",10,NA,NA,NA,NA,NA,NA,NA,NA
"181",18149,"Khongwatmai, Phachara",10,NA,NA,NA,NA,NA,NA,NA,NA
"182",18244,"Shinkwin, Callum",10,NA,NA,NA,NA,NA,NA,NA,NA
"183",18630,"Grimmer, Will",10,NA,NA,NA,NA,NA,NA,NA,NA
"184",18983,"Lin, Yuxin",10,NA,NA,NA,NA,NA,NA,NA,NA
"185",19593,"Pastore, David",10,NA,NA,NA,NA,NA,NA,NA,NA
"186",19774,"Wilshire, Kyle",10,NA,NA,NA,NA,NA,NA,NA,NA
"187",20704,"Tarrio, Santiago",10,NA,NA,NA,NA,NA,NA,NA,NA
"188",20972,"Benitez, Isidro",10,NA,NA,NA,NA,NA,NA,NA,NA
"189",22086,"du Toit, Jared",10,NA,NA,NA,NA,NA,NA,NA,NA
"190",22089,"Syme, Connor",10,NA,NA,NA,NA,NA,NA,NA,NA
"191",22915,"McInerney, A.J.",10,NA,NA,NA,NA,NA,NA,NA,NA
"192",22988,"Zaback, Zach",10,NA,NA,NA,NA,NA,NA,NA,NA
"193",24185,"Mansell, Richard",10,NA,NA,NA,NA,NA,NA,NA,NA
"194",24424,"Filbert, Andrew",10,NA,NA,NA,NA,NA,NA,NA,NA
"195",24486,"Cook, Ben",10,NA,NA,NA,NA,NA,NA,NA,NA
"196",26101,"Bertsch, Justin",10,NA,NA,NA,NA,NA,NA,NA,NA
"197",27599,"Ralston, Spencer",10,NA,NA,NA,NA,NA,NA,NA,NA
"198",27780,"Crowe, Trace",10,NA,NA,NA,NA,NA,NA,NA,NA
"199",28038,"Johnson, Kamaiu",10,NA,NA,NA,NA,NA,NA,NA,NA
"200",28571,"Pettit, Turk",10,NA,NA,NA,NA,NA,NA,NA,NA
"201",29304,"Byrd, Marcus",10,NA,NA,NA,NA,NA,NA,NA,NA
"202",29771,"Vick, Travis",10,NA,NA,NA,NA,NA,NA,NA,NA
"203",6060,"McCarty, Sean",9,NA,NA,NA,NA,NA,NA,NA,NA
"204",24303,"Reiter, Charles",9,NA,NA,NA,NA,NA,NA,NA,NA
"205",25318,"Musselman, Cooper",9,NA,NA,NA,NA,NA,NA,NA,NA
"206",25439,"Kern, Ben",9,NA,NA,NA,NA,NA,NA,NA,NA
"207",28039,"Mendoza, Kyle",9,NA,NA,NA,NA,NA,NA,NA,NA
"208",30463,"Surratt, Caleb",9,NA,NA,NA,NA,NA,NA,NA,NA
"209",334,"Woosnam, Ian",8,NA,NA,NA,NA,NA,NA,NA,NA
"210",5782,"Deane, Stuart",8,NA,NA,NA,NA,NA,NA,NA,NA
"211",7167,"Labritz, Rob",8,NA,NA,NA,NA,NA,NA,NA,NA
"212",7449,"Millar, Matthew",8,"Millar, Matthew",3674,NA,NA,NA,"Right",NA,"https://www.espn.com/golf/player/_/id/3674/matthew-millar"
"213",7612,"Adamonis, Brad",8,NA,NA,NA,NA,NA,NA,NA,NA
"214",7625,"Sims, Michael",8,NA,NA,NA,NA,NA,NA,NA,NA
"215",8364,"Dodt, Andrew",8,"Dodt, Andrew",3639,NA,NA,NA,"Right",NA,"https://www.espn.com/golf/player/_/id/3639/andrew-dodt"
"216",8390,"Brazel, Sam",8,"Brazel, Sam",3304,NA,NA,NA,"Right",NA,"https://www.espn.com/golf/player/_/id/3304/sam-brazel"
"217",8615,"Pagunsan, Juvic",8,NA,NA,NA,NA,NA,NA,NA,NA
"218",9675,"Lorenzo-Vera, Mike",8,NA,NA,NA,NA,NA,NA,NA,NA
"219",10316,"Henson, Berry",8,NA,NA,NA,NA,NA,NA,NA,NA
"220",10766,"Bhullar, Gaganjeet",8,"Bhullar, Gaganjeet",4309,NA,NA,NA,"Right",NA,"https://www.espn.com/golf/player/_/id/4309/gaganjeet-bhullar"
"221",12258,"Garcia Rodriguez, Sebastian",8,NA,NA,NA,NA,NA,NA,NA,NA
"222",12287,"Enoch, Rhys",8,NA,NA,NA,NA,NA,NA,NA,NA
"223",12317,"Kieffer, Maximilian",8,NA,NA,NA,NA,NA,NA,NA,NA
"224",12413,"Lee, Richard T.",8,NA,NA,NA,NA,NA,NA,NA,NA
"225",12819,"Bekker, Oliver",8,NA,NA,NA,NA,NA,NA,NA,NA
"226",12847,"Killeen, J.J.",8,NA,NA,NA,NA,NA,NA,NA,NA
"227",12978,"Borchert, Matthew",8,NA,NA,NA,NA,NA,NA,NA,NA
"228",13349,"Kofstad, Espen",8,NA,NA,NA,NA,NA,NA,NA,NA
"229",13928,"Ryu, Hyun-woo",8,NA,NA,NA,NA,NA,NA,NA,NA
"230",14784,"Law, David",8,NA,NA,NA,NA,NA,NA,NA,NA
"231",14936,"Hwang, Jung-gon",8,NA,NA,NA,NA,NA,NA,NA,NA
"232",15019,"Choi, Minchel",8,NA,NA,NA,NA,NA,NA,NA,NA
"233",16156,"Liu, Yanwei",8,NA,NA,NA,NA,NA,NA,NA,NA
"234",16249,"Zhang, Andy",8,NA,NA,NA,NA,NA,NA,NA,NA
"235",16591,"Rozo, Marcelo",8,"Rozo, Marcelo",7120,NA,NA,NA,"Right",NA,"https://www.espn.com/golf/player/_/id/7120/marcelo-rozo"
"236",16881,"Pena, Rhadames",8,NA,NA,NA,NA,NA,NA,NA,NA
"237",17872,"Ham, Jeongwoo",8,NA,NA,NA,NA,NA,NA,NA,NA
"238",17881,"Yu, Chun-an",8,"Yu, Kevin",4349547,NA,NA,NA,"Right",NA,"https://www.espn.com/golf/player/_/id/4349547/kevin-yu"
"239",17902,"Miller, Michael",8,NA,NA,NA,NA,NA,NA,NA,NA
"240",18338,"Chang, Yi Keun",8,"Chang, Yikeun",11175,NA,NA,NA,"Right",NA,"https://www.espn.com/golf/player/_/id/11175/yikeun-chang"
"241",18421,"Guerra, Juan Jose",8,NA,NA,NA,NA,NA,NA,NA,NA
"242",18484,"Kim, Hanbyeol",8,NA,NA,NA,NA,NA,NA,NA,NA
"243",18994,"Kataoka, Naoyuki",8,NA,NA,NA,NA,NA,NA,NA,NA
"244",19224,"Micheluzzi, David",8,NA,NA,NA,NA,NA,NA,NA,NA
"245",19430,"Kozan, Andrew",8,NA,NA,NA,NA,NA,NA,NA,NA
"246",19618,"Fidone, Sam",8,NA,NA,NA,NA,NA,NA,NA,NA
"247",19844,"Kaewkanjana, Sadom",8,NA,NA,NA,NA,NA,NA,NA,NA
"248",19846,"Bauchou, Zach",8,NA,NA,NA,NA,NA,NA,NA,NA
"249",20190,"Helligkilde, Marcus",8,NA,NA,NA,NA,NA,NA,NA,NA
"250",20353,"Whitney, Tom",8,NA,NA,NA,NA,NA,NA,NA,NA
"251",20668,"Carey, David",8,NA,NA,NA,NA,NA,NA,NA,NA
"252",20841,"Seo, Yoseop",8,NA,NA,NA,NA,NA,NA,NA,NA
"253",21889,"Kang, Jeffrey",8,NA,NA,NA,NA,NA,NA,NA,NA
"254",21903,"Stanley, Preston",8,NA,NA,NA,NA,NA,NA,NA,NA
"255",22253,"Gregory, Scott",8,NA,NA,NA,NA,NA,NA,NA,NA
"256",22760,"Hisatsune, Ryo",8,NA,NA,NA,NA,NA,NA,NA,NA
"257",22912,"Rebula, Jovan",8,NA,NA,NA,NA,NA,NA,NA,NA
"258",23719,"Shin, Sanghun",8,NA,NA,NA,NA,NA,NA,NA,NA
"259",23726,"Ellis, Harry",8,NA,NA,NA,NA,NA,NA,NA,NA
"260",24515,"Romo, Tony",8,NA,NA,NA,NA,NA,NA,NA,NA
"261",24551,"Parziale, Matt",8,NA,NA,NA,NA,NA,NA,NA,NA
"262",24837,"Goodwin, Noah",8,NA,NA,NA,NA,NA,NA,NA,NA
"263",25027,"Hirschman, Grant",8,NA,NA,NA,NA,NA,NA,NA,NA
"264",25079,"Gagne, Luis",8,NA,NA,NA,NA,NA,NA,NA,NA
"265",25131,"Hill, Calum",8,NA,NA,NA,NA,NA,NA,NA,NA
"266",25263,"Onishi, Kaito",8,NA,NA,NA,NA,NA,NA,NA,NA
"267",25628,"Bae, Yongjun",8,NA,NA,NA,NA,NA,NA,NA,NA
"268",26746,"Summerhays, Preston",8,NA,NA,NA,NA,NA,NA,NA,NA
"269",27870,"Coody, Parker",8,NA,NA,NA,NA,NA,NA,NA,NA
"270",27984,"Long, Joe",8,NA,NA,NA,NA,NA,NA,NA,NA
"271",28077,"Collet, Tyler",8,NA,NA,NA,NA,NA,NA,NA,NA
"272",28159,"Meissner, Mac",8,NA,NA,NA,NA,NA,NA,NA,NA
"273",29327,"Greaser, Austin",8,NA,NA,NA,NA,NA,NA,NA,NA
"274",29328,"Jarvis, Aaron",8,NA,NA,NA,NA,NA,NA,NA,NA
"275",30732,"Carr, Ben",8,NA,NA,NA,NA,NA,NA,NA,NA
"276",9041,"Choi, Ho Sung",7,NA,NA,NA,NA,NA,NA,NA,NA
"277",13767,"Schmuhl, Jason",7,NA,NA,NA,NA,NA,NA,NA,NA
"278",14409,"Wiebe, Gunner",7,NA,NA,NA,NA,NA,NA,NA,NA
"279",16213,"Arendell, Connor",7,NA,NA,NA,NA,NA,NA,NA,NA
"280",21318,"McClain, Wesley",7,"McClain, Wesley",11002,NA,NA,NA,"Right",NA,"https://www.espn.com/golf/player/_/id/11002/wesley-mcclain"
"281",28324,"Marek, Brad",7,NA,NA,NA,NA,NA,NA,NA,NA
"282",24,"Brooks, Mark",6,NA,NA,NA,NA,NA,NA,NA,NA
"283",109,"Jacobsen, Peter",6,NA,NA,NA,NA,NA,NA,NA,NA
"284",707,"Huston, John",6,NA,NA,NA,NA,NA,NA,NA,NA
"285",915,"Hamilton, Todd",6,NA,NA,NA,NA,NA,NA,NA,NA
"286",5829,"Scott, Steve",6,NA,NA,NA,NA,NA,NA,NA,NA
"287",7033,"Molinari, Edoardo",6,NA,NA,NA,NA,NA,NA,NA,NA
"288",7432,"Wilson, Chris",6,NA,NA,NA,NA,NA,NA,NA,NA
"289",7708,"Hall, Ashley",6,NA,NA,NA,NA,NA,NA,NA,NA
"290",7716,"Kim, Seunghyuk",6,NA,NA,NA,NA,NA,NA,NA,NA
"291",7762,"Smock, Brian",6,NA,NA,NA,NA,NA,NA,NA,NA
"292",7887,"Garcia-Heredia, Alfredo",6,NA,NA,NA,NA,NA,NA,NA,NA
"293",9313,"Willman, Ben",6,NA,NA,NA,NA,NA,NA,NA,NA
"294",9413,"Besseling, Wil",6,NA,NA,NA,NA,NA,NA,NA,NA
"295",11852,"Ahlers, Jaco",6,NA,NA,NA,NA,NA,NA,NA,NA
"296",11894,"Dinwiddie, Robert",6,NA,NA,NA,NA,NA,NA,NA,NA
"297",11978,"Kruger, Jbe'",6,NA,NA,NA,NA,NA,NA,NA,NA
"298",12006,"Jacklin, Sean",6,NA,NA,NA,NA,NA,NA,NA,NA
"299",12083,"Yip, Ryan",6,NA,NA,NA,NA,NA,NA,NA,NA
"300",12522,"Schneider, Marcel",6,NA,NA,NA,NA,NA,NA,NA,NA
"301",13486,"Kim, Yeongsu",6,NA,NA,NA,NA,NA,NA,NA,NA
"302",13836,"Moon, Kyongjun",6,NA,NA,NA,NA,NA,NA,NA,NA
"303",14178,"Warren, Shawn",6,NA,NA,NA,NA,NA,NA,NA,NA
"304",14284,"Hansen, Joachim B",6,NA,NA,NA,NA,NA,NA,NA,NA
"305",14872,"Balin, Danny",6,NA,NA,NA,NA,NA,NA,NA,NA
"306",14987,"Laporta, Francesco",6,NA,NA,NA,NA,NA,NA,NA,NA
"307",15067,"Cao, Yi",6,NA,NA,NA,NA,NA,NA,NA,NA
"308",15660,"Mauchaza, Nyasha",6,NA,NA,NA,NA,NA,NA,NA,NA
"309",15676,"Moller, Niklas Norgaard",6,NA,NA,NA,NA,NA,NA,NA,NA
"310",15793,"India, Vince",6,NA,NA,NA,NA,NA,NA,NA,NA
"311",16363,"Brun, Julien",6,NA,NA,NA,NA,NA,NA,NA,NA
"312",17386,"Mun, Doyeob",6,NA,NA,NA,NA,NA,NA,NA,NA
"313",17722,"Stalter, Joel",6,NA,NA,NA,NA,NA,NA,NA,NA
"314",17744,"Muttitt, David",6,NA,NA,NA,NA,NA,NA,NA,NA
"315",18016,"Sugiyama, Tomoyasu",6,NA,NA,NA,NA,NA,NA,NA,NA
"316",18434,"Cochran, Case",6,NA,NA,NA,NA,NA,NA,NA,NA
"317",18571,"Macdonald, Stuart",6,NA,NA,NA,NA,NA,NA,NA,NA
"318",18722,"Gouveia, Ricardo",6,NA,NA,NA,NA,NA,NA,NA,NA
"319",19359,"Hopper, Michael",6,NA,NA,NA,NA,NA,NA,NA,NA
"320",19396,"Knapp, Jake",6,NA,NA,NA,NA,NA,NA,NA,NA
"321",20547,"Ward, Dalton",6,NA,NA,NA,NA,NA,NA,NA,NA
"322",20780,"Kim, Minkyu",6,NA,NA,NA,NA,NA,NA,NA,NA
"323",21507,"Roussel, Robin",6,NA,NA,NA,NA,NA,NA,NA,NA
"324",21553,"Wright, Zach",6,NA,NA,NA,NA,NA,NA,NA,NA
"325",22170,"Turner, Ashton",6,NA,NA,NA,NA,NA,NA,NA,NA
"326",22303,"Worthington II, Wyatt",6,NA,NA,NA,NA,NA,NA,NA,NA
"327",22738,"Morgan, Jediah",6,NA,NA,NA,NA,NA,NA,NA,NA
"328",22904,"Limbhasut, KK",6,NA,NA,NA,NA,NA,NA,NA,NA
"329",23138,"Gazzolo, David",6,NA,NA,NA,NA,NA,NA,NA,NA
"330",23209,"Kennedy, Blake",6,NA,NA,NA,NA,NA,NA,NA,NA
"331",23418,"Sugrue, James",6,NA,NA,NA,NA,NA,NA,NA,NA
"332",23462,"Crisologo, Chris",6,NA,NA,NA,NA,NA,NA,NA,NA
"333",23781,"Hanna, Chase",6,NA,NA,NA,NA,NA,NA,NA,NA
"334",23856,"Wood, JJ",6,"Wood, JJ",3957,NA,"United States",NA,NA,NA,"https://www.espn.com/golf/player/_/id/3957/jay-woodson"
"335",23892,"Gumberg, Jordan",6,NA,NA,NA,NA,NA,NA,NA,NA
"336",24187,"Strohmeyer, Scott",6,NA,NA,NA,NA,NA,NA,NA,NA
"337",24906,"Armstrong, Dawson",6,NA,NA,NA,NA,NA,NA,NA,NA
"338",25077,"Bergeron, Jacob",6,NA,NA,NA,NA,NA,NA,NA,NA
"339",25315,"Locke, Sam",6,NA,NA,NA,NA,NA,NA,NA,NA
"340",25334,"Johnson, Chase",6,NA,NA,NA,NA,NA,NA,NA,NA
"341",25600,"Euler, Lukas",6,NA,NA,NA,NA,NA,NA,NA,NA
"342",25601,"Jordan, Matthew",6,NA,NA,NA,NA,NA,NA,NA,NA
"343",25771,"Furr, Wilson",6,NA,NA,NA,NA,NA,NA,NA,NA
"344",26102,"Cover, Patrick",6,NA,NA,NA,NA,NA,NA,NA,NA
"345",26186,"Bling, Devon",6,NA,NA,NA,NA,NA,NA,NA,NA
"346",26656,"Feagles, Michael",6,NA,NA,NA,NA,NA,NA,NA,NA
"347",26745,"Lopez-Chacarra, Eugenio",6,NA,NA,NA,NA,NA,NA,NA,NA
"348",26912,"Osborne, Ollie",6,NA,NA,NA,NA,NA,NA,NA,NA
"349",26913,"Phillips, Trent",6,NA,NA,NA,NA,NA,NA,NA,NA
"350",26982,"Flanagan, Angus",6,NA,NA,NA,NA,NA,NA,NA,NA
"351",27557,"Wetterich, Daniel",6,NA,NA,NA,NA,NA,NA,NA,NA
"352",27598,"Nicholas, James",6,NA,NA,NA,NA,NA,NA,NA,NA
"353",27624,"Trosper, Donnie",6,NA,NA,NA,NA,NA,NA,NA,NA
"354",27778,"Gannon, Luke",6,NA,NA,NA,NA,NA,NA,NA,NA
"355",27872,"Markham, George",6,NA,NA,NA,NA,NA,NA,NA,NA
"356",28167,"Gibson, Tommy",6,NA,NA,NA,NA,NA,NA,NA,NA
"357",28472,"Guise, Danny",6,NA,NA,NA,NA,NA,NA,NA,NA
"358",28615,"Bairstow, Sam",6,NA,NA,NA,NA,NA,NA,NA,NA
"359",28617,"Shepherd, Laird",6,NA,NA,NA,NA,NA,NA,NA,NA
"360",28630,"Hall, Ryan",6,NA,NA,NA,NA,NA,NA,NA,NA
"361",29637,"Riley, Quinn",6,NA,NA,NA,NA,NA,NA,NA,NA
"362",29769,"Moldovan, Maxwell",6,NA,NA,NA,NA,NA,NA,NA,NA
"363",29770,"Mouw, William",6,NA,NA,NA,NA,NA,NA,NA,NA
"364",29947,"Brown, Barclay",6,NA,NA,NA,NA,NA,NA,NA,NA
"365",30429,"Welch, Patrick",6,NA,NA,NA,NA,NA,NA,NA,NA
"366",112,"Jones, Steve",5,NA,NA,NA,NA,NA,NA,NA,NA
"367",7024,"Choi, Jinho",5,NA,NA,NA,NA,NA,NA,NA,NA
"368",11096,"Deason, Chip",5,"Deason, Chip",2125,NA,"United States",NA,NA,1998,"https://www.espn.com/golf/player/_/id/2125/chip-deason"
"369",11230,"Horsey, David",5,NA,NA,NA,NA,NA,NA,NA,NA
"370",14565,"Park, Sung Joon",5,"Park, Sung Joon",9277,NA,NA,NA,"Right",NA,"https://www.espn.com/golf/player/_/id/9277/sung-joon-park"
"371",21203,"du Preez, James Hart",5,NA,NA,NA,NA,NA,NA,NA,NA
"372",23413,"Murphy, John",5,NA,NA,NA,NA,NA,NA,NA,NA
"373",25588,"Wilson, Andrew",5,NA,NA,NA,NA,NA,NA,NA,NA
"374",26664,"Martin, Patrick",5,NA,NA,NA,NA,NA,NA,NA,NA
"375",27442,"de Borba, Scott",5,NA,NA,NA,NA,NA,NA,NA,NA
"376",30,"Calcavecchia, Mark",4,NA,NA,NA,NA,NA,NA,NA,NA
"377",683,"Smith, Stuart L.",4,NA,NA,NA,NA,NA,NA,NA,NA
"378",1800,"Wetterich, Brett",4,NA,NA,NA,NA,NA,NA,NA,NA
"379",2794,"Kendall, Skip",4,NA,NA,NA,NA,NA,NA,NA,NA
"380",2860,"Broadhurst, Paul",4,NA,NA,NA,NA,NA,NA,NA,NA
"381",3323,"Storm, Graeme",4,NA,NA,NA,NA,NA,NA,NA,NA
"382",4051,"Stankowski, Paul",4,NA,NA,NA,NA,NA,NA,NA,NA
"383",5177,"McRoy, Spike",4,NA,NA,NA,NA,NA,NA,NA,NA
"384",5466,"Gogel, Matt",4,NA,NA,NA,NA,NA,NA,NA,NA
"385",5769,"Norris, Jason",4,NA,NA,NA,NA,NA,NA,NA,NA
"386",5920,"Bowden, Craig",4,NA,NA,NA,NA,NA,NA,NA,NA
"387",7038,"Gangjee, Rahil",4,NA,NA,NA,NA,NA,NA,NA,NA
"388",7217,"Weinhart, Tim",4,NA,NA,NA,NA,NA,NA,NA,NA
"389",7445,"Thatcher, Roland",4,NA,NA,NA,NA,NA,NA,NA,NA
"390",7466,"Dobyns, Matt",4,NA,NA,NA,NA,NA,NA,NA,NA
"391",7558,"Justice, Grover",4,NA,NA,NA,NA,NA,NA,NA,NA
"392",7743,"Hogue, Ryan",4,NA,NA,NA,NA,NA,NA,NA,NA
"393",8084,"Sowards, Bob",4,NA,NA,NA,NA,NA,NA,NA,NA
"394",8092,"Hall, Kevin",4,NA,NA,NA,NA,NA,NA,NA,NA
"395",8573,"Esteve, Jeronimo",4,NA,NA,NA,NA,NA,NA,NA,NA
"396",8601,"Kok, Johan",4,NA,NA,NA,NA,NA,NA,NA,NA
"397",8612,"Leong, Ben",4,"Leong, Ben",4263,NA,NA,NA,"Right",NA,"https://www.espn.com/golf/player/_/id/4263/ben-leong"
"398",8764,"Sonnier, Greg",4,NA,NA,NA,NA,NA,NA,NA,NA
"399",8819,"Wittenberg, Casey",4,NA,NA,NA,NA,NA,NA,NA,NA
"400",9152,"O'Connell, Kevin",4,NA,NA,NA,NA,NA,NA,NA,NA
"401",9307,"Johnson, Neil",4,NA,NA,NA,NA,NA,NA,NA,NA
"402",9890,"O'Neal, Timothy",4,NA,NA,NA,NA,NA,NA,NA,NA
"403",9903,"Geary, Josh",4,NA,NA,NA,NA,NA,NA,NA,NA
"404",10049,"Adams III, Frank",4,NA,NA,NA,NA,NA,NA,NA,NA
"405",10078,"Hwang, Innchoon",4,NA,NA,NA,NA,NA,NA,NA,NA
"406",10181,"Kelly, Troy",4,NA,NA,NA,NA,NA,NA,NA,NA
"407",10713,"Lee, Wonjoon",4,NA,NA,NA,NA,NA,NA,NA,NA
"408",11089,"Nakanishi, Naoto",4,NA,NA,NA,NA,NA,NA,NA,NA
"409",11156,"Lee, Taehee",4,NA,NA,NA,NA,NA,NA,NA,NA
"410",11281,"Baca, Ryan",4,NA,NA,NA,NA,NA,NA,NA,NA
"411",11594,"McCarthy, Dan",4,NA,NA,NA,NA,NA,NA,NA,NA
"412",11823,"Nisbet, Daniel",4,NA,NA,NA,NA,NA,NA,NA,NA
"413",11922,"Saavedra, Sebastian L.",4,NA,NA,NA,NA,NA,NA,NA,NA
"414",11980,"Schietekat, Neil",4,NA,NA,NA,NA,NA,NA,NA,NA
"415",12012,"Relancio, Manuel",4,NA,NA,NA,NA,NA,NA,NA,NA
"416",12254,"O'Leary, John",4,NA,NA,NA,NA,NA,NA,NA,NA
"417",12305,"Schneider, Cory",4,NA,NA,NA,NA,NA,NA,NA,NA
"418",12485,"Sjoholm, Joel",4,NA,NA,NA,NA,NA,NA,NA,NA
"419",12889,"Fung, Nicholas",4,"Fung, Nicholas",5270,NA,NA,NA,"Right",NA,"https://www.espn.com/golf/player/_/id/5270/nicholas-fung"
"420",12988,"Elvira, Nacho",4,NA,NA,NA,NA,NA,NA,NA,NA
"421",13089,"Nemecz, Lukas",4,NA,NA,NA,NA,NA,NA,NA,NA
"422",13274,"Proehl, Chad",4,NA,NA,NA,NA,NA,NA,NA,NA
"423",13351,"Nazareth, Savio",4,NA,NA,NA,NA,NA,NA,NA,NA
"424",13390,"Lieser, Ondrej",4,NA,NA,NA,NA,NA,NA,NA,NA
"425",13498,"Lee, Junghwan",4,NA,NA,NA,NA,NA,NA,NA,NA
"426",13528,"Akiyoshi, Shota",4,NA,NA,NA,NA,NA,NA,NA,NA
"427",13821,"Whitnell, Dale",4,NA,NA,NA,NA,NA,NA,NA,NA
"428",13885,"Pigem, Carlos",4,NA,NA,NA,NA,NA,NA,NA,NA
"429",13904,"Frost, Charles",4,NA,NA,NA,NA,NA,NA,NA,NA
"430",14018,"Dantorp, Jens",4,NA,NA,NA,NA,NA,NA,NA,NA
"431",14029,"Hill, Matt",4,NA,NA,NA,NA,NA,NA,NA,NA
"432",14173,"Bussieres, Marc-Etienne",4,NA,NA,NA,NA,NA,NA,NA,NA
"433",14457,"Hack, Jhared",4,NA,NA,NA,NA,NA,NA,NA,NA
"434",14482,"Maeng, Dong Seop",4,NA,NA,NA,NA,NA,NA,NA,NA
"435",14596,"Geminiani, Domenico",4,NA,NA,NA,NA,NA,NA,NA,NA
"436",14682,"Leaver, Grant",4,NA,NA,NA,NA,NA,NA,NA,NA
"437",14780,"Lagergren, Joakim",4,NA,NA,NA,NA,NA,NA,NA,NA
"438",14870,"Leun-Kwang, Kim",4,NA,NA,NA,NA,NA,NA,NA,NA
"439",14872,"Balin, Daniel",4,NA,NA,NA,NA,NA,NA,NA,NA
"440",15168,"Papadatos, Dimi",4,NA,NA,NA,NA,NA,NA,NA,NA
"441",15181,"Easton, Bryce",4,NA,NA,NA,NA,NA,NA,NA,NA
"442",15193,"van Tonder, Danie",4,"Van Tonder, Daniel",5857,NA,NA,NA,"Right",NA,"https://www.espn.com/golf/player/_/id/5857/daniel-van-tonder"
"443",15245,"Riley, George",4,NA,NA,NA,NA,NA,NA,NA,NA
"444",15256,"Rivas, Santiago",4,NA,NA,NA,NA,NA,NA,NA,NA
"445",15456,"Jenkins, Carter",4,NA,NA,NA,NA,NA,NA,NA,NA
"446",15499,"Bateman, Wil",4,NA,NA,NA,NA,NA,NA,NA,NA
"447",15606,"Choi, Albin",4,NA,NA,NA,NA,NA,NA,NA,NA
"448",15750,"Sadlowski, Jamie",4,NA,NA,NA,NA,NA,NA,NA,NA
"449",16248,"Wilson, Cameron",4,"Wilson, Cameron",9532,NA,NA,NA,"Left",NA,"https://www.espn.com/golf/player/_/id/9532/cameron-wilson"
"450",16289,"Metzger, Andre",4,NA,NA,NA,NA,NA,NA,NA,NA
"451",16341,"Peterson, Paul",4,"Peterson, Paul",9600,NA,NA,NA,"Right",NA,"https://www.espn.com/golf/player/_/id/9600/paul-peterson"
"452",16400,"Porteous, Garrick",4,NA,NA,NA,NA,NA,NA,NA,NA
"453",16421,"Johannessen, Kristian K.",4,NA,NA,NA,NA,NA,NA,NA,NA
"454",16475,"Forrest, Grant",4,NA,NA,NA,NA,NA,NA,NA,NA
"455",16695,"Barron, Derek",4,NA,NA,NA,NA,NA,NA,NA,NA
"456",16818,"Mane, Udayan",4,NA,NA,NA,NA,NA,NA,NA,NA
"457",16918,"Sinnott, Todd",4,NA,NA,NA,NA,NA,NA,NA,NA
"458",17346,"Bai, Bobby",4,NA,NA,NA,NA,NA,NA,NA,NA
"459",17346,"Bai, Zheng-Kai",4,NA,NA,NA,NA,NA,NA,NA,NA
"460",17391,"Evans, Chris",4,NA,NA,NA,NA,NA,NA,NA,NA
"461",17612,"Obremski, Daniel",4,NA,NA,NA,NA,NA,NA,NA,NA
"462",17619,"Johnson, Zach J.",4,NA,NA,NA,NA,NA,NA,NA,NA
"463",17638,"Paolini, Brinson",4,NA,NA,NA,NA,NA,NA,NA,NA
"464",17718,"Sordet, Clement",4,NA,NA,NA,NA,NA,NA,NA,NA
"465",17858,"Van Meijel, Lars",4,NA,NA,NA,NA,NA,NA,NA,NA
"466",18122,"Montenegro, Marcos",4,NA,NA,NA,NA,NA,NA,NA,NA
"467",18155,"Murray, Zach",4,NA,NA,NA,NA,NA,NA,NA,NA
"468",18196,"Moon, Alex",4,NA,NA,NA,NA,NA,NA,NA,NA
"469",18241,"Gavins, Daniel",4,NA,NA,NA,NA,NA,NA,NA,NA
"470",18251,"Hebert, Michael",4,NA,NA,NA,NA,NA,NA,NA,NA
"471",18338,"Chang, Yikeun",4,"Chang, Yikeun",11175,NA,NA,NA,"Right",NA,"https://www.espn.com/golf/player/_/id/11175/yikeun-chang"
"472",18536,"McCormick, Ryan",4,NA,NA,NA,NA,NA,NA,NA,NA
"473",18555,"Rutherford, Jamie",4,NA,NA,NA,NA,NA,NA,NA,NA
"474",18624,"Xiao, Bowen",4,NA,NA,NA,NA,NA,NA,NA,NA
"475",18629,"Dorn, Andrew",4,NA,NA,NA,NA,NA,NA,NA,NA
"476",18900,"Quayle, Anthony",4,NA,NA,NA,NA,NA,NA,NA,NA
"477",18933,"Gandon, Jeremy",4,NA,NA,NA,NA,NA,NA,NA,NA
"478",19029,"Anguiano, Mark",4,NA,NA,NA,NA,NA,NA,NA,NA
"479",19295,"Contini, Martin",4,NA,NA,NA,NA,NA,NA,NA,NA
"480",19357,"Tree, Toby",4,"Tree, Toby",9821,NA,NA,NA,"Right",NA,"https://www.espn.com/golf/player/_/id/9821/toby-tree"
"481",19363,"Simsby, Trevor",4,NA,NA,NA,NA,NA,NA,NA,NA
"482",19620,"Pereda, Raul",4,NA,NA,NA,NA,NA,NA,NA,NA
"483",19634,"Angles, Pep",4,NA,NA,NA,NA,NA,NA,NA,NA
"484",19730,"Sekito, Naoki",4,NA,NA,NA,NA,NA,NA,NA,NA
"485",19747,"Light, Tyler",4,NA,NA,NA,NA,NA,NA,NA,NA
"486",19754,"McCracken, Logan",4,NA,NA,NA,NA,NA,NA,NA,NA
"487",19946,"Rank, Garrett",4,NA,NA,NA,NA,NA,NA,NA,NA
"488",20344,"Polland, Ben",4,NA,NA,NA,NA,NA,NA,NA,NA
"489",20761,"Oiwa, Ryuichi",4,NA,NA,NA,NA,NA,NA,NA,NA
"490",21362,"Hillier, Daniel",4,NA,NA,NA,NA,NA,NA,NA,NA
"491",21501,"Dalke, Brad",4,NA,NA,NA,NA,NA,NA,NA,NA
"492",21598,"Zuska, Jiri",4,NA,NA,NA,NA,NA,NA,NA,NA
"493",21642,"Winslow, Joseph",4,NA,NA,NA,NA,NA,NA,NA,NA
"494",21646,"Ferguson, Ewen",4,NA,NA,NA,NA,NA,NA,NA,NA
"495",21885,"Garrick, Jonathan",4,NA,NA,NA,NA,NA,NA,NA,NA
"496",21890,"Kim, Daniel",4,NA,NA,NA,NA,NA,NA,NA,NA
"497",21938,"Eriksson, Philip",4,NA,NA,NA,NA,NA,NA,NA,NA
"498",21995,"Springer, Hayden",4,NA,NA,NA,NA,NA,NA,NA,NA
"499",22043,"Crawford, Chris",4,NA,NA,NA,NA,NA,NA,NA,NA
"500",22231,"Von Dellingshausen, Nicolai",4,NA,NA,NA,NA,NA,NA,NA,NA
"501",22261,"Gilchrest, Matt",4,"Gilchrest, Matt",10639,NA,NA,NA,"Right",NA,"https://www.espn.com/golf/player/_/id/10639/matt-gilchrest"
"502",22275,"Bernard, Hugo",4,NA,NA,NA,NA,NA,NA,NA,NA
"503",22306,"McCarthy, Josh",4,NA,NA,NA,NA,NA,NA,NA,NA
"504",22499,"Plant, Alfie",4,NA,NA,NA,NA,NA,NA,NA,NA
"505",22844,"Kawamoto, Riki",4,NA,NA,NA,NA,NA,NA,NA,NA
"506",22852,"Lyras, John",4,NA,NA,NA,NA,NA,NA,NA,NA
"507",22957,"Michel, Lukas",4,NA,NA,NA,NA,NA,NA,NA,NA
"508",23132,"Cabra, Zach",4,NA,NA,NA,NA,NA,NA,NA,NA
"509",23133,"Russell, Casey",4,NA,NA,NA,NA,NA,NA,NA,NA
"510",23248,"Jung, Chanmin",4,NA,NA,NA,NA,NA,NA,NA,NA
"511",23455,"Brame Jr., Grady",4,NA,NA,NA,NA,NA,NA,NA,NA
"512",23506,"Shirley, Trey",4,NA,NA,NA,NA,NA,NA,NA,NA
"513",23532,"McCain, Andrew",4,NA,NA,NA,NA,NA,NA,NA,NA
"514",23543,"Lee, Walker",4,NA,NA,NA,NA,NA,NA,NA,NA
"515",23549,"Celli, Filippo",4,NA,NA,NA,NA,NA,NA,NA,NA
"516",23707,"O'Hara, Paul",4,NA,NA,NA,NA,NA,NA,NA,NA
"517",23709,"Fisher, Darin",4,NA,NA,NA,NA,NA,NA,NA,NA
"518",23854,"Hansen, Jaysen",4,NA,NA,NA,NA,NA,NA,NA,NA
"519",23979,"Jude, Davey",4,NA,NA,NA,NA,NA,NA,NA,NA
"520",24113,"Jung, Richard",4,NA,NA,NA,NA,NA,NA,NA,NA
"521",24147,"Lee, Gyu Min",4,NA,NA,NA,NA,NA,NA,NA,NA
"522",24294,"Fernandez de Oliveira, Mateo",4,NA,NA,NA,NA,NA,NA,NA,NA
"523",24339,"Ota, Tyler",4,NA,NA,NA,NA,NA,NA,NA,NA
"524",24356,"De Los Santos, Justin",4,NA,NA,NA,NA,NA,NA,NA,NA
"525",24450,"Strafaci, Ty",4,NA,NA,NA,NA,NA,NA,NA,NA
"526",24584,"Droemer, Jesse",4,NA,NA,NA,NA,NA,NA,NA,NA
"527",24718,"Funk, Taylor",4,NA,NA,NA,NA,NA,NA,NA,NA
"528",24962,"Docherty, Alistair",4,NA,NA,NA,NA,NA,NA,NA,NA
"529",25039,"Miller, Cole",4,NA,NA,NA,NA,NA,NA,NA,NA
"530",25081,"Humphrey, Theo",4,NA,NA,NA,NA,NA,NA,NA,NA
"531",25082,"Lumsden, Ryan",4,NA,NA,NA,NA,NA,NA,NA,NA
"532",25094,"Fishburn, Patrick",4,NA,NA,NA,NA,NA,NA,NA,NA
"533",25132,"D'Amario, Adam",4,NA,NA,NA,NA,NA,NA,NA,NA
"534",25289,"Savoie, Joey",4,NA,NA,NA,NA,NA,NA,NA,NA
"535",25322,"Schaake, Alex",4,NA,NA,NA,NA,NA,NA,NA,NA
"536",25408,"Visacki, Michael",4,NA,NA,NA,NA,NA,NA,NA,NA
"537",25567,"Papineau, Etienne",4,NA,NA,NA,NA,NA,NA,NA,NA
"538",25772,"Ramey, Kyle",4,NA,NA,NA,NA,NA,NA,NA,NA
"539",25865,"Barber, Garrett",4,NA,NA,NA,NA,NA,NA,NA,NA
"540",25906,"Jung, Peter",4,NA,NA,NA,NA,NA,NA,NA,NA
"541",26143,"Creighton, Myles",4,NA,NA,NA,NA,NA,NA,NA,NA
"542",26320,"Short, Matthew",4,NA,NA,NA,NA,NA,NA,NA,NA
"543",26652,"Eaton, Chandler",4,NA,NA,NA,NA,NA,NA,NA,NA
"544",26745,"Chacarra, Eugenio",4,NA,NA,NA,NA,NA,NA,NA,NA
"545",26892,"Brown, Cullan",4,NA,NA,NA,NA,NA,NA,NA,NA
"546",26990,"Mcclean, Matthew",4,NA,NA,NA,NA,NA,NA,NA,NA
"547",27206,"Chung, Henry",4,NA,NA,NA,NA,NA,NA,NA,NA
"548",27217,"Trent, Jack",4,NA,NA,NA,NA,NA,NA,NA,NA
"549",27257,"Bailey, Braden",4,NA,NA,NA,NA,NA,NA,NA,NA
"550",27352,"Gallegos, Abel",4,NA,NA,NA,NA,NA,NA,NA,NA
"551",27710,"Solomon, Jacob",4,NA,NA,NA,NA,NA,NA,NA,NA
"552",27803,"Schniederjans, Luke",4,NA,NA,NA,NA,NA,NA,NA,NA
"553",27966,"Smith, Camiko",4,NA,NA,NA,NA,NA,NA,NA,NA
"554",27985,"Cordes, Anthony",4,NA,NA,NA,NA,NA,NA,NA,NA
"555",28075,"Deneen, Morgan",4,NA,NA,NA,NA,NA,NA,NA,NA
"556",28078,"Nieves, Roberto",4,NA,NA,NA,NA,NA,NA,NA,NA
"557",28142,"Islas, Jose Cristobal",4,NA,NA,NA,NA,NA,NA,NA,NA
"558",28203,"Iwasaki, Aguri",4,NA,NA,NA,NA,NA,NA,NA,NA
"559",28270,"Dunlap, Nick",4,NA,NA,NA,NA,NA,NA,NA,NA
"560",28321,"Gross, Larkin",4,NA,NA,NA,NA,NA,NA,NA,NA
"561",28469,"Highsmith, Joe",4,NA,NA,NA,NA,NA,NA,NA,NA
"562",28471,"Shore, Davis",4,NA,NA,NA,NA,NA,NA,NA,NA
"563",28618,"Stephens, Andrew",4,NA,NA,NA,NA,NA,NA,NA,NA
"564",28984,"Puig Currius, David",4,NA,NA,NA,NA,NA,NA,NA,NA
"565",29197,"Brennan, Michael",4,NA,NA,NA,NA,NA,NA,NA,NA
"566",29279,"Suber, Jackson",4,NA,NA,NA,NA,NA,NA,NA,NA
"567",29499,"Inglis, Colin",4,NA,NA,NA,NA,NA,NA,NA,NA
"568",29714,"Travale, Johnny",4,NA,NA,NA,NA,NA,NA,NA,NA
"569",29827,"James, Benjamin",4,NA,NA,NA,NA,NA,NA,NA,NA
"570",29915,"Petronzio, Nathan",4,NA,NA,NA,NA,NA,NA,NA,NA
"571",30076,"McShea, Blake",4,NA,NA,NA,NA,NA,NA,NA,NA
"572",30464,"Jackson, Palmer",4,NA,NA,NA,NA,NA,NA,NA,NA
"573",30767,"Gabrelcik, Nick",4,NA,NA,NA,NA,NA,NA,NA,NA
"574",30891,"Morales, Omar",4,NA,NA,NA,NA,NA,NA,NA,NA
"575",31192,"Steelman, Ross",4,NA,NA,NA,NA,NA,NA,NA,NA
"576",6390,"Gove, Jeff",3,NA,NA,NA,NA,NA,NA,NA,NA
"577",11025,"Solomon, David",3,NA,NA,NA,NA,NA,NA,NA,NA
"578",11509,"Canizares, Alejandro",3,NA,NA,NA,NA,NA,NA,NA,NA
"579",18240,"Bouniol, Cyril",3,"Bouniol, Cyril",9265,NA,NA,NA,"Right",NA,"https://www.espn.com/golf/player/_/id/9265/cyril-bouniol"
"580",22165,"Otis, Ray",3,NA,NA,NA,NA,NA,NA,NA,NA
"581",28433,"Reband, Garett",3,NA,NA,NA,NA,NA,NA,NA,NA
"582",29715,"Manke, RJ",3,NA,NA,NA,NA,NA,NA,NA,NA
"583",30654,"Porter, Charles",3,NA,NA,NA,NA,NA,NA,NA,NA
"584",94,"Hart, Jeff",2,NA,NA,NA,NA,NA,NA,NA,NA
"585",185,"Sauers, Gene",2,NA,NA,NA,NA,NA,NA,NA,NA
"586",440,"Frost, David",2,NA,NA,NA,NA,NA,NA,NA,NA
"587",576,"Maggert, Jeff",2,NA,NA,NA,NA,NA,NA,NA,NA
"588",683,"Smith, Stuart",2,NA,NA,NA,NA,NA,NA,NA,NA
"589",1599,"Kobayashi, Masanori",2,NA,NA,NA,NA,NA,NA,NA,NA
"590",2739,"Roth, J.R.",2,NA,NA,NA,NA,NA,NA,NA,NA
"591",2739,"Roth, Jeff",2,NA,NA,NA,NA,NA,NA,NA,NA
"592",3650,"Quinn, Fran",2,NA,NA,NA,NA,NA,NA,NA,NA
"593",3754,"Fanning, Todd",2,NA,NA,NA,NA,NA,NA,NA,NA
"594",3756,"Goggin, Mathew",2,NA,NA,NA,NA,NA,NA,NA,NA
"595",4034,"Downes, Billy",2,NA,NA,NA,NA,NA,NA,NA,NA
"596",4311,"Dodd, Stephen",2,NA,NA,NA,NA,NA,NA,NA,NA
"597",4549,"Skinner, Sonny",2,NA,NA,NA,NA,NA,NA,NA,NA
"598",4787,"Nicklaus, Gary",2,NA,NA,NA,NA,NA,NA,NA,NA
"599",4820,"Small, Mike",2,NA,NA,NA,NA,NA,NA,NA,NA
"600",4992,"Schmid, Jeffrey",2,NA,NA,NA,NA,NA,NA,NA,NA
"601",5049,"Kraft, Greg",2,NA,NA,NA,NA,NA,NA,NA,NA
"602",5101,"Quigley, Brett",2,NA,NA,NA,NA,NA,NA,NA,NA
"603",5624,"Bransdon, David",2,NA,NA,NA,NA,NA,NA,NA,NA
"604",5719,"Widener, Jason",2,NA,NA,NA,NA,NA,NA,NA,NA
"605",5825,"Jones, Kent",2,NA,NA,NA,NA,NA,NA,NA,NA
"606",5921,"Claxton, Paul",2,NA,NA,NA,NA,NA,NA,NA,NA
"607",5928,"Foster, Mark B.",2,NA,NA,NA,NA,NA,NA,NA,NA
"608",6233,"Hebert, Scott",2,NA,NA,NA,NA,NA,NA,NA,NA
"609",6243,"Gregory, Greg",2,NA,NA,NA,NA,NA,NA,NA,NA
"610",6280,"Brehaut, Jeff",2,NA,NA,NA,NA,NA,NA,NA,NA
"611",6642,"Gangluff, Stephen",2,NA,NA,NA,NA,NA,NA,NA,NA
"612",6883,"Gillespie, Derek",2,NA,NA,NA,NA,NA,NA,NA,NA
"613",6884,"Heffernan, Wes",2,NA,NA,NA,NA,NA,NA,NA,NA
"614",6932,"Franz, Jr., Ray",2,NA,NA,NA,NA,NA,NA,NA,NA
"615",6959,"Parry, Bryn",2,NA,NA,NA,NA,NA,NA,NA,NA
"616",7092,"Kresge, Cliff",2,NA,NA,NA,NA,NA,NA,NA,NA
"617",7101,"Curtis, Ben",2,NA,NA,NA,NA,NA,NA,NA,NA
"618",7389,"McEvoy, Richard",2,NA,NA,NA,NA,NA,NA,NA,NA
"619",7464,"Holmes, Steve",2,NA,NA,NA,NA,NA,NA,NA,NA
"620",7589,"Kim, Tae Hoon",2,NA,NA,NA,NA,NA,NA,NA,NA
"621",7865,"Mitchum, Kelly",2,NA,NA,NA,NA,NA,NA,NA,NA
"622",7895,"Rock, Robert",2,NA,NA,NA,NA,NA,NA,NA,NA
"623",7925,"Dickinson, Paul",2,NA,NA,NA,NA,NA,NA,NA,NA
"624",8090,"Speight, Josh",2,NA,NA,NA,NA,NA,NA,NA,NA
"625",8192,"Summerhays, Joe",2,"Summerhays, Joseph",6970,NA,NA,NA,"Right",NA,"https://www.espn.com/golf/player/_/id/6970/joseph-dean"
"626",8222,"Manley, Stuart",2,NA,NA,NA,NA,NA,NA,NA,NA
"627",8357,"Flanagan, Nick",2,NA,NA,NA,NA,NA,NA,NA,NA
"628",8433,"Hayashi, Kevin",2,NA,NA,NA,NA,NA,NA,NA,NA
"629",8569,"Inman, Manuel",2,NA,NA,NA,NA,NA,NA,NA,NA
"630",8670,"Toledo, Jose",2,NA,NA,NA,NA,NA,NA,NA,NA
"631",9027,"Mallinger, John",2,NA,NA,NA,NA,NA,NA,NA,NA
"632",9158,"Deacon, JC",2,NA,NA,NA,NA,NA,NA,NA,NA
"633",9434,"Bensel, Jr., Frank",2,NA,NA,NA,NA,NA,NA,NA,NA
"634",9553,"Kapur, Shiv",2,NA,NA,NA,NA,NA,NA,NA,NA
"635",9635,"Hur, In-hoi",2,NA,NA,NA,NA,NA,NA,NA,NA
"636",9659,"Schutte, Jesse",2,NA,NA,NA,NA,NA,NA,NA,NA
"637",9874,"Carll, Kevin",2,NA,NA,NA,NA,NA,NA,NA,NA
"638",9891,"Broce, Jamie",2,NA,NA,NA,NA,NA,NA,NA,NA
"639",10051,"Schmitt, Phil",2,NA,NA,NA,NA,NA,NA,NA,NA
"640",10086,"Park, Sang-Hyun",2,NA,NA,NA,NA,NA,NA,NA,NA
"641",10109,"Owen, Kyle",2,NA,NA,NA,NA,NA,NA,NA,NA
"642",10139,"Ford, Matt",2,NA,NA,NA,NA,NA,NA,NA,NA
"643",10201,"Guerrier, Julien",2,NA,NA,NA,NA,NA,NA,NA,NA
"644",10340,"Watanabe, Jr, Steve",2,NA,NA,NA,NA,NA,NA,NA,NA
"645",10418,"Lemke, Niklas",2,NA,NA,NA,NA,NA,NA,NA,NA
"646",10497,"Hall, Tyler",2,NA,NA,NA,NA,NA,NA,NA,NA
"647",10811,"Bremner, Merrick",2,NA,NA,NA,NA,NA,NA,NA,NA
"648",10828,"Pike, Aaron",2,NA,NA,NA,NA,NA,NA,NA,NA
"649",10987,"Poncino, Vinnie",2,NA,NA,NA,NA,NA,NA,NA,NA
"650",11197,"Kodai, Tatsuya",2,NA,NA,NA,NA,NA,NA,NA,NA
"651",11283,"Fujikawa, Tadd",2,NA,NA,NA,NA,NA,NA,NA,NA
"652",11600,"Bradshaw, David S.",2,NA,NA,NA,NA,NA,NA,NA,NA
"653",11773,"Fujimoto, Yoshinori",2,NA,NA,NA,NA,NA,NA,NA,NA
"654",11939,"Pearman, Dwayne",2,NA,NA,NA,NA,NA,NA,NA,NA
"655",12096,"Cho, Min-gyu",2,NA,NA,NA,NA,NA,NA,NA,NA
"656",12290,"Nakajima, Toru",2,NA,NA,NA,NA,NA,NA,NA,NA
"657",12298,"Robinson, James",2,NA,NA,NA,NA,NA,NA,NA,NA
"658",12340,"Ureta, Martin",2,NA,NA,NA,NA,NA,NA,NA,NA
"659",12344,"Sorenson, Jeff",2,NA,NA,NA,NA,NA,NA,NA,NA
"660",12349,"Knoll, Alex",2,NA,NA,NA,NA,NA,NA,NA,NA
"661",12385,"Harmon, Matt",2,NA,NA,NA,NA,NA,NA,NA,NA
"662",12427,"Coupland, David",2,NA,NA,NA,NA,NA,NA,NA,NA
"663",12605,"Colomo, Javier",2,NA,NA,NA,NA,NA,NA,NA,NA
"664",12745,"Baek, Todd",2,NA,NA,NA,NA,NA,NA,NA,NA
"665",12764,"Alverio, Max",2,NA,NA,NA,NA,NA,NA,NA,NA
"666",12805,"Cocha, Tommy",2,NA,NA,NA,NA,NA,NA,NA,NA
"667",12993,"Kim, Gi-Whan",2,NA,NA,NA,NA,NA,NA,NA,NA
"668",13139,"Pulkkanen, Tapio",2,NA,NA,NA,NA,NA,NA,NA,NA
"669",13191,"Williams, Ryan",2,NA,NA,NA,NA,NA,NA,NA,NA
"670",13209,"Serna, Jr., Efren",2,NA,NA,NA,NA,NA,NA,NA,NA
"671",13318,"Farr, Oliver",2,NA,NA,NA,NA,NA,NA,NA,NA
"672",13344,"Baldwin, Matthew",2,NA,NA,NA,NA,NA,NA,NA,NA
"673",13510,"Corpening, Franklin",2,NA,NA,NA,NA,NA,NA,NA,NA
"674",13547,"McCarraher, Justin",2,NA,NA,NA,NA,NA,NA,NA,NA
"675",13682,"Caldwell, Jonathan",2,NA,NA,NA,NA,NA,NA,NA,NA
"676",13731,"Strydom, Ockie",2,NA,NA,NA,NA,NA,NA,NA,NA
"677",13756,"Main, Gregor",2,NA,NA,NA,NA,NA,NA,NA,NA
"678",13788,"McLoughlin, Eamonn",2,NA,NA,NA,NA,NA,NA,NA,NA
"679",13850,"Allenby, James",2,NA,NA,NA,NA,NA,NA,NA,NA
"680",13919,"Jang, Dongkyu",2,NA,NA,NA,NA,NA,NA,NA,NA
"681",13940,"Stamey, Nathan",2,NA,NA,NA,NA,NA,NA,NA,NA
"682",13995,"Marshall, Matt",2,NA,NA,NA,NA,NA,NA,NA,NA
"683",14003,"Brock, Josh",2,NA,NA,NA,NA,NA,NA,NA,NA
"684",14262,"Dwyer, Brian",2,NA,NA,NA,NA,NA,NA,NA,NA
"685",14264,"Reynolds, Gabe",2,NA,NA,NA,NA,NA,NA,NA,NA
"686",14373,"Campbell, Ben",2,NA,NA,NA,NA,NA,NA,NA,NA
"687",14455,"Morales, Erick",2,NA,NA,NA,NA,NA,NA,NA,NA
"688",14519,"Sainz Jr, Carlos",2,"Jr, Carlos Sainz",9027,NA,NA,NA,"Right",NA,"https://www.espn.com/golf/player/_/id/9027/carlos-sainz-jr"
"689",14729,"Izumida, Daijiro",2,NA,NA,NA,NA,NA,NA,NA,NA
"690",14775,"Bjork, Alex",2,NA,NA,NA,NA,NA,NA,NA,NA
"691",14785,"Gibb, Judd",2,NA,NA,NA,NA,NA,NA,NA,NA
"692",14847,"Crick, Brandon",2,NA,NA,NA,NA,NA,NA,NA,NA
"693",14862,"Hall, Gavin",2,NA,NA,NA,NA,NA,NA,NA,NA
"694",15019,"Choi, Min Chel",2,NA,NA,NA,NA,NA,NA,NA,NA
"695",15117,"Olson, Eddie",2,"Olson, Eddie",5770,NA,"Aptos, California",NA,"Right",NA,"https://www.espn.com/golf/player/_/id/5770/eddie-olson"
"696",15119,"Hronek, David",2,NA,NA,NA,NA,NA,NA,NA,NA
"697",15120,"Johnson, Michael",2,"Johnson, Michael",5765,NA,NA,NA,"Right",NA,"https://www.espn.com/golf/player/_/id/5765/michael-johnson"
"698",15165,"McCarthy, Ryan",2,NA,NA,NA,NA,NA,NA,NA,NA
"699",15172,"McCarthy, Nick",2,NA,NA,NA,NA,NA,NA,NA,NA
"700",15207,"Paolucci, Anthony",2,NA,NA,NA,NA,NA,NA,NA,NA
"701",15209,"Curtis, Thomas",2,NA,NA,NA,NA,NA,NA,NA,NA
"702",15314,"Kosaihira, Yuwa",2,NA,NA,NA,NA,NA,NA,NA,NA
"703",15447,"Wheeldon, Riley",2,NA,NA,NA,NA,NA,NA,NA,NA
"704",15609,"Griffin, J.T.",2,NA,NA,NA,NA,NA,NA,NA,NA
"705",15625,"Brand, Christian",2,NA,NA,NA,NA,NA,NA,NA,NA
"706",15680,"Winther, Jeff",2,NA,NA,NA,NA,NA,NA,NA,NA
"707",15710,"Szirmak, Sebastian",2,NA,NA,NA,NA,NA,NA,NA,NA
"708",15771,"Brown, Steven",2,NA,NA,NA,NA,NA,NA,NA,NA
"709",15776,"Otte, Preston",2,NA,NA,NA,NA,NA,NA,NA,NA
"710",15788,"Flores, Erik",2,NA,NA,NA,NA,NA,NA,NA,NA
"711",15791,"Del Val, Samuel",2,NA,NA,NA,NA,NA,NA,NA,NA
"712",15812,"Foley, Kevin",2,NA,NA,NA,NA,NA,NA,NA,NA
"713",15855,"Meth, Byron",2,NA,NA,NA,NA,NA,NA,NA,NA
"714",15885,"Lawson, Deyen",2,NA,NA,NA,NA,NA,NA,NA,NA
"715",15981,"Quiban, Justin",2,NA,NA,NA,NA,NA,NA,NA,NA
"716",16042,"Calvesbert, Robert",2,NA,NA,NA,NA,NA,NA,NA,NA
"717",16042,"Calvesbert, Robi",2,NA,NA,NA,NA,NA,NA,NA,NA
"718",16135,"Arp, Riley",2,NA,NA,NA,NA,NA,NA,NA,NA
"719",16237,"Fernandez, JD",2,NA,NA,NA,NA,NA,NA,NA,NA
"720",16242,"Hamrick, Hunter",2,NA,NA,NA,NA,NA,NA,NA,NA
"721",16424,"Boonma, Danthai",2,NA,NA,NA,NA,NA,NA,NA,NA
"722",16458,"Ishika, Koichiro",2,NA,NA,NA,NA,NA,NA,NA,NA
"723",16483,"Boros, Joe",2,NA,NA,NA,NA,NA,NA,NA,NA
"724",16484,"Gee, Devin",2,NA,NA,NA,NA,NA,NA,NA,NA
"725",16488,"Browne Jr, Olin",2,NA,NA,NA,NA,NA,NA,NA,NA
"726",16541,"Whalen, Josh",2,NA,NA,NA,NA,NA,NA,NA,NA
"727",16606,"Russell, Jordan",2,NA,NA,NA,NA,NA,NA,NA,NA
"728",16706,"Lebrija, Roberto",2,NA,NA,NA,NA,NA,NA,NA,NA
"729",16811,"Lee, Donny",2,NA,NA,NA,NA,NA,NA,NA,NA
"730",16813,"Goss, Oliver",2,NA,NA,NA,NA,NA,NA,NA,NA
"731",16849,"Barco, Luis Fernando",2,NA,NA,NA,NA,NA,NA,NA,NA
"732",16862,"Cordoba, Cledy",2,NA,NA,NA,NA,NA,NA,NA,NA
"733",16878,"Olivares, Marcel",2,NA,NA,NA,NA,NA,NA,NA,NA
"734",17237,"Lee, Rodrigo",2,NA,NA,NA,NA,NA,NA,NA,NA
"735",17257,"Williamson, Peter",2,NA,NA,NA,NA,NA,NA,NA,NA
"736",17262,"Terrazas, Aaron",2,NA,NA,NA,NA,NA,NA,NA,NA
"737",17276,"Sullivan, Ryan",2,NA,NA,NA,NA,NA,NA,NA,NA
"738",17297,"Massa, Bobby",2,NA,NA,NA,NA,NA,NA,NA,NA
"739",17349,"Luo, Xuewen",2,NA,NA,NA,NA,NA,NA,NA,NA
"740",17351,"Jin, Cheng",2,NA,NA,NA,NA,NA,NA,NA,NA
"741",17380,"Rende, Derek",2,NA,NA,NA,NA,NA,NA,NA,NA
"742",17415,"Kim, Alex",2,NA,NA,NA,NA,NA,NA,NA,NA
"743",17422,"Del Solar, Cristobal",2,NA,NA,NA,NA,NA,NA,NA,NA
"744",17517,"Weworski, Tyler",2,NA,NA,NA,NA,NA,NA,NA,NA
"745",17613,"Zylstra, Ryan",2,NA,NA,NA,NA,NA,NA,NA,NA
"746",17641,"Ihm, Steven",2,NA,NA,NA,NA,NA,NA,NA,NA
"747",17743,"McNabb, David",2,NA,NA,NA,NA,NA,NA,NA,NA
"748",17747,"Halvorsen, Andreas",2,NA,NA,NA,NA,NA,NA,NA,NA
"749",17756,"Kim, Justin YW",2,NA,NA,NA,NA,NA,NA,NA,NA
"750",17816,"Forgan, Sam",2,NA,NA,NA,NA,NA,NA,NA,NA
"751",18101,"Warren, Justin",2,NA,NA,NA,NA,NA,NA,NA,NA
"752",18185,"Cazaubon, Rodolfo",2,NA,NA,NA,NA,NA,NA,NA,NA
"753",18252,"Olsen, Zachary",2,NA,NA,NA,NA,NA,NA,NA,NA
"754",18261,"Ryan, Matt",2,NA,NA,NA,NA,NA,NA,NA,NA
"755",18294,"Stewart, Hunter",2,"Stewart, Hunter",9424,NA,NA,NA,"Right",NA,"https://www.espn.com/golf/player/_/id/9424/hunter-stewart"
"756",18435,"Binfield, Wade",2,NA,NA,NA,NA,NA,NA,NA,NA
"757",18540,"Peaper, Brant",2,NA,NA,NA,NA,NA,NA,NA,NA
"758",18582,"Sutton, Mitchell",2,NA,NA,NA,NA,NA,NA,NA,NA
"759",18659,"Rainaud, Adam",2,NA,NA,NA,NA,NA,NA,NA,NA
"760",18678,"Ballo, Jr., Mike",2,NA,NA,NA,NA,NA,NA,NA,NA
"761",18704,"Fish, Mardy",2,NA,NA,NA,NA,NA,NA,NA,NA
"762",18735,"Chesters, Ashley",2,NA,NA,NA,NA,NA,NA,NA,NA
"763",18747,"Wrigley, Alex",2,NA,NA,NA,NA,NA,NA,NA,NA
"764",18772,"Wells, Jeremy",2,NA,NA,NA,NA,NA,NA,NA,NA
"765",18786,"Eggers, Jacob",2,NA,NA,NA,NA,NA,NA,NA,NA
"766",18788,"Crawford, Aaron",2,NA,NA,NA,NA,NA,NA,NA,NA
"767",18809,"Ikemura, Tomoyo",2,NA,NA,NA,NA,NA,NA,NA,NA
"768",18824,"Norman, Brian",2,NA,NA,NA,NA,NA,NA,NA,NA
"769",18873,"James, Austin",2,NA,NA,NA,NA,NA,NA,NA,NA
"770",18874,"Budd, Russell",2,NA,NA,NA,NA,NA,NA,NA,NA
"771",19000,"Celia, Ricardo",2,NA,NA,NA,NA,NA,NA,NA,NA
"772",19048,"Yang, Gunn",2,NA,NA,NA,NA,NA,NA,NA,NA
"773",19121,"McCullen, Haydn",2,NA,NA,NA,NA,NA,NA,NA,NA
"774",19212,"Gale, Daniel",2,NA,NA,NA,NA,NA,NA,NA,NA
"775",19253,"Gana, Toto",2,NA,NA,NA,NA,NA,NA,NA,NA
"776",19265,"Yu, Sean",2,NA,NA,NA,NA,NA,NA,NA,NA
"777",19354,"Okamura, Garrett",2,NA,NA,NA,NA,NA,NA,NA,NA
"778",19388,"Gilley, Chris",2,NA,NA,NA,NA,NA,NA,NA,NA
"779",19508,"Harvey, Scott",2,NA,NA,NA,NA,NA,NA,NA,NA
"780",19742,"Godsey, Conner",2,NA,NA,NA,NA,NA,NA,NA,NA
"781",19753,"McConnell, Paul",2,NA,NA,NA,NA,NA,NA,NA,NA
"782",19762,"Reed, Curtis",2,"Reed, Curtis",10371,NA,NA,NA,"Right",NA,"https://www.espn.com/golf/player/_/id/10371/curtis-reed"
"783",19763,"Ruiz, Johnny",2,NA,NA,NA,NA,NA,NA,NA,NA
"784",19765,"Saunders, Samuel",2,NA,NA,NA,NA,NA,NA,NA,NA
"785",19766,"Schoolcraft, Michael",2,NA,NA,NA,NA,NA,NA,NA,NA
"786",19806,"Forsstrom, Simon",2,NA,NA,NA,NA,NA,NA,NA,NA
"787",19846,"Bauchou, Zachary",2,NA,NA,NA,NA,NA,NA,NA,NA
"788",19899,"Rottluff, Max",2,NA,NA,NA,NA,NA,NA,NA,NA
"789",19925,"O'Dell, Sam",2,NA,NA,NA,NA,NA,NA,NA,NA
"790",19936,"Schaake, Carson",2,NA,NA,NA,NA,NA,NA,NA,NA
"791",19955,"Pereira, Corey",2,NA,NA,NA,NA,NA,NA,NA,NA
"792",20043,"Hamilton, Blair",2,NA,NA,NA,NA,NA,NA,NA,NA
"793",20351,"DeMoss, Mookie",2,NA,NA,NA,NA,NA,NA,NA,NA
"794",20461,"Snyder, Brent",2,NA,NA,NA,NA,NA,NA,NA,NA
"795",20843,"Cianchetti, Luca",2,NA,NA,NA,NA,NA,NA,NA,NA
"796",20977,"Giacomazzi, Dino",2,NA,NA,NA,NA,NA,NA,NA,NA
"797",21312,"Bullington, Brian",2,NA,NA,NA,NA,NA,NA,NA,NA
"798",21327,"Torano, Tyler",2,NA,NA,NA,NA,NA,NA,NA,NA
"799",21407,"Reitan, Kristoffer",2,NA,NA,NA,NA,NA,NA,NA,NA
"800",21412,"Capan III, Frankie",2,NA,NA,NA,NA,NA,NA,NA,NA
"801",21422,"Bard, Derek",2,NA,NA,NA,NA,NA,NA,NA,NA
"802",21726,"Delgado, Juan Cayro",2,NA,NA,NA,NA,NA,NA,NA,NA
"803",21875,"Widing, Tim",2,NA,NA,NA,NA,NA,NA,NA,NA
"804",21876,"Blick, Cody",2,"Blick, Cody",10704,NA,NA,NA,"Right",NA,"https://www.espn.com/golf/player/_/id/10704/cody-blick"
"805",21883,"Ewart, A.J.",2,NA,NA,NA,NA,NA,NA,NA,NA
"806",21886,"Geddes, Mark",2,NA,NA,NA,NA,NA,NA,NA,NA
"807",21895,"Monagle, Colin",2,NA,NA,NA,NA,NA,NA,NA,NA
"808",21900,"Robledo, Roman",2,NA,NA,NA,NA,NA,NA,NA,NA
"809",21901,"Shah, Manav",2,NA,NA,NA,NA,NA,NA,NA,NA
"810",21942,"Kelly, Sean",2,NA,NA,NA,NA,NA,NA,NA,NA
"811",21993,"Barbaree, Philip",2,NA,NA,NA,NA,NA,NA,NA,NA
"812",22002,"Dumont de Chassart, Adrien",2,NA,NA,NA,NA,NA,NA,NA,NA
"813",22045,"Mueller, Kyle",2,NA,NA,NA,NA,NA,NA,NA,NA
"814",22047,"Raber, Tyler",2,NA,NA,NA,NA,NA,NA,NA,NA
"815",22048,"Schembechler II, Richie",2,NA,NA,NA,NA,NA,NA,NA,NA
"816",22134,"Hodkinson, Adam",2,NA,NA,NA,NA,NA,NA,NA,NA
"817",22211,"Huge, Maclain",2,NA,NA,NA,NA,NA,NA,NA,NA
"818",22259,"Rey, Alejandro Del",2,NA,NA,NA,NA,NA,NA,NA,NA
"819",22262,"Blair, Michael",2,NA,NA,NA,NA,NA,NA,NA,NA
"820",22354,"Jolly, Stewart",2,NA,NA,NA,NA,NA,NA,NA,NA
"821",22461,"White, Brett",2,NA,NA,NA,NA,NA,NA,NA,NA
"822",22465,"Penge, Marco",2,NA,NA,NA,NA,NA,NA,NA,NA
"823",22689,"Grimes, Patrick",2,NA,NA,NA,NA,NA,NA,NA,NA
"824",22815,"Antcliff, Maverick",2,NA,NA,NA,NA,NA,NA,NA,NA
"825",22922,"Lansburgh, Peter",2,NA,NA,NA,NA,NA,NA,NA,NA
"826",22994,"Magnus, Haraldur",2,NA,NA,NA,NA,NA,NA,NA,NA
"827",23114,"Blackburn, Brooks",2,NA,NA,NA,NA,NA,NA,NA,NA
"828",23135,"Lee, Matt",2,NA,NA,NA,NA,NA,NA,NA,NA
"829",23139,"Portz, Clayton",2,NA,NA,NA,NA,NA,NA,NA,NA
"830",23244,"Bring, Christoffer",2,NA,NA,NA,NA,NA,NA,NA,NA
"831",23299,"Earnest, Paul",2,NA,NA,NA,NA,NA,NA,NA,NA
"832",23465,"Greyserman, Max",2,NA,NA,NA,NA,NA,NA,NA,NA
"833",23466,"Hicks, Alexander",2,NA,NA,NA,NA,NA,NA,NA,NA
"834",23469,"Kartrude, Michael",2,NA,NA,NA,NA,NA,NA,NA,NA
"835",23470,"Kevorkian, Jake",2,NA,NA,NA,NA,NA,NA,NA,NA
"836",23476,"Page, Carter",2,NA,NA,NA,NA,NA,NA,NA,NA
"837",23501,"Peacock, Oliver",2,NA,NA,NA,NA,NA,NA,NA,NA
"838",23504,"Hoey, Rico",2,NA,NA,NA,NA,NA,NA,NA,NA
"839",23540,"Andersen, Mason",2,NA,NA,NA,NA,NA,NA,NA,NA
"840",23541,"Campbell, Matthew",2,NA,NA,NA,NA,NA,NA,NA,NA
"841",23574,"Dietrich, Eric",2,NA,NA,NA,NA,NA,NA,NA,NA
"842",23622,"Nyfjall, David",2,NA,NA,NA,NA,NA,NA,NA,NA
"843",23653,"Cooke, Alan",2,NA,NA,NA,NA,NA,NA,NA,NA
"844",23657,"Babcock, Chris",2,NA,NA,NA,NA,NA,NA,NA,NA
"845",23708,"Scott, Sandy",2,NA,NA,NA,NA,NA,NA,NA,NA
"846",23710,"Lawrence, David",2,NA,NA,NA,NA,NA,NA,NA,NA
"847",23711,"Slattery, Kurt",2,NA,NA,NA,NA,NA,NA,NA,NA
"848",23730,"Lee, S.M.",2,NA,NA,NA,NA,NA,NA,NA,NA
"849",23731,"Sill, Brad",2,NA,NA,NA,NA,NA,NA,NA,NA
"850",23732,"Genovese, Mike",2,NA,NA,NA,NA,NA,NA,NA,NA
"851",23740,"Leonard, Brendan",2,NA,NA,NA,NA,NA,NA,NA,NA
"852",23855,"Moody, Chris",2,NA,NA,NA,NA,NA,NA,NA,NA
"853",23928,"Wolcott, Ben",2,NA,NA,NA,NA,NA,NA,NA,NA
"854",23962,"Wiatr, Chris",2,NA,NA,NA,NA,NA,NA,NA,NA
"855",24127,"Hidalgo Portillo, Angel",2,NA,NA,NA,NA,NA,NA,NA,NA
"856",24186,"Bell, Ross",2,NA,NA,NA,NA,NA,NA,NA,NA
"857",24280,"Crowe, Harrison",2,NA,NA,NA,NA,NA,NA,NA,NA
"858",24294,"Fernandez de oliveira, Mateo",2,NA,NA,NA,NA,NA,NA,NA,NA
"859",24303,"Reiter, Charlie",2,NA,NA,NA,NA,NA,NA,NA,NA
"860",24304,"Vilips, Karl",2,NA,NA,NA,NA,NA,NA,NA,NA
"861",24317,"Lim, Mo",2,NA,NA,NA,NA,NA,NA,NA,NA
"862",24483,"Balcar, Michael",2,NA,NA,NA,NA,NA,NA,NA,NA
"863",24485,"Cole, Ryan",2,NA,NA,NA,NA,NA,NA,NA,NA
"864",24486,"Cook, Benny",2,NA,NA,NA,NA,NA,NA,NA,NA
"865",24488,"Benitez, Juan Carlos",2,NA,NA,NA,NA,NA,NA,NA,NA
"866",24489,"French, Chris",2,NA,NA,NA,NA,NA,NA,NA,NA
"867",24538,"Longmire, David",2,NA,NA,NA,NA,NA,NA,NA,NA
"868",24843,"Wenzler, Ryan",2,NA,NA,NA,NA,NA,NA,NA,NA
"869",24941,"Heinen, Nick",2,NA,NA,NA,NA,NA,NA,NA,NA
"870",24949,"Nygren, Cole",2,NA,NA,NA,NA,NA,NA,NA,NA
"871",24956,"Blanchet, Chandler",2,NA,NA,NA,NA,NA,NA,NA,NA
"872",24963,"Doeden, Justin",2,NA,NA,NA,NA,NA,NA,NA,NA
"873",24967,"Greene, Keith",2,NA,NA,NA,NA,NA,NA,NA,NA
"874",24985,"Gillam, Parker",2,NA,NA,NA,NA,NA,NA,NA,NA
"875",24988,"Grey, J.J.",2,NA,NA,NA,NA,NA,NA,NA,NA
"876",25003,"Walker, Danny",2,NA,NA,NA,NA,NA,NA,NA,NA
"877",25004,"Wadkins, Tucker",2,NA,NA,NA,NA,NA,NA,NA,NA
"878",25026,"Crancer, Ben",2,NA,NA,NA,NA,NA,NA,NA,NA
"879",25032,"Oshrine, Matt",2,NA,NA,NA,NA,NA,NA,NA,NA
"880",25036,"Holt, Ian",2,NA,NA,NA,NA,NA,NA,NA,NA
"881",25041,"Shuman, Jake",2,NA,NA,NA,NA,NA,NA,NA,NA
"882",25080,"Huang, Franklin",2,NA,NA,NA,NA,NA,NA,NA,NA
"883",25083,"Rasmussen, Rhett",2,NA,NA,NA,NA,NA,NA,NA,NA
"884",25084,"Raza, Sulman",2,NA,NA,NA,NA,NA,NA,NA,NA
"885",25085,"Wiseman, Timothy",2,NA,NA,NA,NA,NA,NA,NA,NA
"886",25137,"Sekulic, Max",2,NA,NA,NA,NA,NA,NA,NA,NA
"887",25174,"Worsdall, Connor",2,NA,NA,NA,NA,NA,NA,NA,NA
"888",25210,"Lagodich, Logan",2,NA,NA,NA,NA,NA,NA,NA,NA
"889",25211,"Taylor, Blake",2,NA,NA,NA,NA,NA,NA,NA,NA
"890",25214,"DeMarco, Thomas",2,NA,NA,NA,NA,NA,NA,NA,NA
"891",25241,"Davison, Callum",2,NA,NA,NA,NA,NA,NA,NA,NA
"892",25285,"Chiarella, Alex",2,NA,NA,NA,NA,NA,NA,NA,NA
"893",25316,"Lincicome, Brittany",2,NA,NA,NA,NA,NA,NA,NA,NA
"894",25320,"Kluver, Luke",2,NA,NA,NA,NA,NA,NA,NA,NA
"895",25333,"Collins, Cougar",2,NA,NA,NA,NA,NA,NA,NA,NA
"896",25362,"Fitzpatrick, Alex",2,NA,NA,NA,NA,NA,NA,NA,NA
"897",25476,"Mullarney, Ronan",2,NA,NA,NA,NA,NA,NA,NA,NA
"898",25587,"Poppleton, Nicholas",2,NA,NA,NA,NA,NA,NA,NA,NA
"899",25614,"Biondi, Fred",2,NA,NA,NA,NA,NA,NA,NA,NA
"900",25683,"Mulder, Mark",2,NA,NA,NA,NA,NA,NA,NA,NA
"901",25686,"Aguado, Camilo",2,NA,NA,NA,NA,NA,NA,NA,NA
"902",25835,"Hutchins, Matt",2,NA,NA,NA,NA,NA,NA,NA,NA
"903",25866,"Jones, Peter",2,NA,NA,NA,NA,NA,NA,NA,NA
"904",25870,"Morris, Blake",2,NA,NA,NA,NA,NA,NA,NA,NA
"905",25888,"Germishuys, Deon",2,NA,NA,NA,NA,NA,NA,NA,NA
"906",25918,"Doucett, BJ",2,NA,NA,NA,NA,NA,NA,NA,NA
"907",25918,"Doucett, Bruce",2,NA,NA,NA,NA,NA,NA,NA,NA
"908",25973,"Floydd, Jack",2,NA,NA,NA,NA,NA,NA,NA,NA
"909",25976,"Knipes, Curtis",2,NA,NA,NA,NA,NA,NA,NA,NA
"910",26014,"Sanders, Kyle",2,NA,NA,NA,NA,NA,NA,NA,NA
"911",26073,"Pyne, Casey",2,NA,NA,NA,NA,NA,NA,NA,NA
"912",26109,"Perras, Michael",2,NA,NA,NA,NA,NA,NA,NA,NA
"913",26117,"Bayley, Derek",2,NA,NA,NA,NA,NA,NA,NA,NA
"914",26119,"Carmona, Mario",2,NA,NA,NA,NA,NA,NA,NA,NA
"915",26130,"Richardson, Hunter",2,NA,NA,NA,NA,NA,NA,NA,NA
"916",26134,"Somers, John",2,NA,NA,NA,NA,NA,NA,NA,NA
"917",26164,"Brijalba, Rufus",2,NA,NA,NA,NA,NA,NA,NA,NA
"918",26193,"Wenyi, Ding",2,NA,NA,NA,NA,NA,NA,NA,NA
"919",26283,"Bibbs, Taylor",2,NA,NA,NA,NA,NA,NA,NA,NA
"920",26338,"Balkin, Todd",2,NA,NA,NA,NA,NA,NA,NA,NA
"921",26339,"Oland, Derek",2,NA,NA,NA,NA,NA,NA,NA,NA
"922",26430,"Mackey, Brian",2,NA,NA,NA,NA,NA,NA,NA,NA
"923",26512,"Beverly, Aaron",2,NA,NA,NA,NA,NA,NA,NA,NA
"924",26518,"Greco, John",2,NA,NA,NA,NA,NA,NA,NA,NA
"925",26524,"Naumec, Matthew",2,NA,NA,NA,NA,NA,NA,NA,NA
"926",26529,"Shieh, Hayden",2,NA,NA,NA,NA,NA,NA,NA,NA
"927",26574,"Cootes, Roy",2,NA,NA,NA,NA,NA,NA,NA,NA
"928",26597,"Huskey, Keenan",2,NA,NA,NA,NA,NA,NA,NA,NA
"929",26602,"Trace, Travis",2,NA,NA,NA,NA,NA,NA,NA,NA
"930",26617,"Anderson, Matthew",2,NA,NA,NA,NA,NA,NA,NA,NA
"931",26618,"Deraney, Joe",2,NA,NA,NA,NA,NA,NA,NA,NA
"932",26618,"Deraney, Joseph",2,NA,NA,NA,NA,NA,NA,NA,NA
"933",26622,"Brault, Etienne",2,NA,NA,NA,NA,NA,NA,NA,NA
"934",26648,"Norton, Noah",2,NA,NA,NA,NA,NA,NA,NA,NA
"935",26650,"Tibbits, Spencer",2,NA,NA,NA,NA,NA,NA,NA,NA
"936",26685,"Tallman, Chris",2,NA,NA,NA,NA,NA,NA,NA,NA
"937",26686,"Jackson, Isaiah",2,NA,NA,NA,NA,NA,NA,NA,NA
"938",26765,"Houtteman, Lee",2,NA,NA,NA,NA,NA,NA,NA,NA
"939",26812,"Brischke, Craig",2,NA,NA,NA,NA,NA,NA,NA,NA
"940",26872,"Sear, Maxwell",2,NA,NA,NA,NA,NA,NA,NA,NA
"941",26891,"Thurloway, Thomas",2,NA,NA,NA,NA,NA,NA,NA,NA
"942",26893,"Bruce, Callum",2,NA,NA,NA,NA,NA,NA,NA,NA
"943",26912,"Osborne, Charles",2,NA,NA,NA,NA,NA,NA,NA,NA
"944",27143,"Williams, Mason",2,NA,NA,NA,NA,NA,NA,NA,NA
"945",27326,"Augustus IV, Daniel",2,NA,NA,NA,NA,NA,NA,NA,NA
"946",27328,"Leseur, Kenny",2,NA,NA,NA,NA,NA,NA,NA,NA
"947",27331,"Okada, Kohei",2,NA,NA,NA,NA,NA,NA,NA,NA
"948",27418,"Yang, Alexander",2,NA,NA,NA,NA,NA,NA,NA,NA
"949",27465,"Hutchinson, Ben",2,NA,NA,NA,NA,NA,NA,NA,NA
"950",27652,"Kneen, Jake",2,NA,NA,NA,NA,NA,NA,NA,NA
"951",27681,"Auterson, Mike",2,NA,NA,NA,NA,NA,NA,NA,NA
"952",27709,"Smith, Zach",2,NA,NA,NA,NA,NA,NA,NA,NA
"953",27722,"Rousaud, Eduard",2,NA,NA,NA,NA,NA,NA,NA,NA
"954",27761,"Spencer, Andy",2,NA,NA,NA,NA,NA,NA,NA,NA
"955",27819,"Castillo, Ricky",2,NA,NA,NA,NA,NA,NA,NA,NA
"956",27843,"Graboyes, Luke",2,NA,NA,NA,NA,NA,NA,NA,NA
"957",27862,"Marin Santander, Enrique",2,NA,NA,NA,NA,NA,NA,NA,NA
"958",27873,"Wilson, Matt",2,NA,NA,NA,NA,NA,NA,NA,NA
"959",27965,"Phipps, Anthony",2,NA,NA,NA,NA,NA,NA,NA,NA
"960",27971,"Hogan, Kyle",2,NA,NA,NA,NA,NA,NA,NA,NA
"961",28023,"Kawai, Evan",2,NA,NA,NA,NA,NA,NA,NA,NA
"962",28144,"Safa, Jose Antonio",2,NA,NA,NA,NA,NA,NA,NA,NA
"963",28146,"Knade, Peter",2,NA,NA,NA,NA,NA,NA,NA,NA
"964",28261,"Hahn, Jordan",2,NA,NA,NA,NA,NA,NA,NA,NA
"965",28310,"Pearce, Shane",2,NA,NA,NA,NA,NA,NA,NA,NA
"966",28320,"Ballo, Pete",2,NA,NA,NA,NA,NA,NA,NA,NA
"967",28322,"Holmes, Derek",2,NA,NA,NA,NA,NA,NA,NA,NA
"968",28325,"Pearce, Tim",2,NA,NA,NA,NA,NA,NA,NA,NA
"969",28326,"Rada, Patrick",2,NA,NA,NA,NA,NA,NA,NA,NA
"970",28327,"Walker, Brett",2,NA,NA,NA,NA,NA,NA,NA,NA
"971",28468,"Hervol, James",2,NA,NA,NA,NA,NA,NA,NA,NA
"972",28470,"Sharpstene, Matt",2,NA,NA,NA,NA,NA,NA,NA,NA
"973",28503,"Keiser, Brian",2,NA,NA,NA,NA,NA,NA,NA,NA
"974",28529,"Manuel, Caleb",2,NA,NA,NA,NA,NA,NA,NA,NA
"975",28539,"Feagler, Clay",2,NA,NA,NA,NA,NA,NA,NA,NA
"976",28586,"Kinney, Tripp",2,NA,NA,NA,NA,NA,NA,NA,NA
"977",28587,"Perkins, David",2,NA,NA,NA,NA,NA,NA,NA,NA
"978",28590,"Odom, Jr., Gregory",2,NA,NA,NA,NA,NA,NA,NA,NA
"979",28592,"Amat, Bastien",2,NA,NA,NA,NA,NA,NA,NA,NA
"980",28616,"Croft, Daniel",2,NA,NA,NA,NA,NA,NA,NA,NA
"981",28635,"McCarty, Matt",2,NA,NA,NA,NA,NA,NA,NA,NA
"982",28692,"Zachman, Derek",2,NA,NA,NA,NA,NA,NA,NA,NA
"983",28708,"Vick, Matt",2,NA,NA,NA,NA,NA,NA,NA,NA
"984",28751,"Harris, Matt",2,NA,NA,NA,NA,NA,NA,NA,NA
"985",28914,"Duncan, Michael",2,NA,NA,NA,NA,NA,NA,NA,NA
"986",28971,"Trolio, Cohen",2,NA,NA,NA,NA,NA,NA,NA,NA
"987",29023,"DeSilva, Chaka",2,NA,NA,NA,NA,NA,NA,NA,NA
"988",29024,"Morris, Brian",2,NA,NA,NA,NA,NA,NA,NA,NA
"989",29025,"Palanyandi, Damian",2,NA,NA,NA,NA,NA,NA,NA,NA
"990",29036,"Mendez, Gilbert",2,NA,NA,NA,NA,NA,NA,NA,NA
"991",29037,"Sisk, Cameron",2,NA,NA,NA,NA,NA,NA,NA,NA
"992",29049,"Griffin, J.P.",2,NA,NA,NA,NA,NA,NA,NA,NA
"993",29152,"Alford, Ryan",2,NA,NA,NA,NA,NA,NA,NA,NA
"994",29169,"Lee, Alex",2,NA,NA,NA,NA,NA,NA,NA,NA
"995",29188,"Salzer, Christian",2,NA,NA,NA,NA,NA,NA,NA,NA
"996",29195,"De la Fuente, Santiago",2,NA,NA,NA,NA,NA,NA,NA,NA
"997",29318,"McAllister, Logan",2,NA,NA,NA,NA,NA,NA,NA,NA
"998",29347,"Dossey, Cooper",2,NA,NA,NA,NA,NA,NA,NA,NA
"999",29496,"Bingaman, Brandon",2,NA,NA,NA,NA,NA,NA,NA,NA
"1000",29497,"Feenstra, Tim",2,NA,NA,NA,NA,NA,NA,NA,NA
"1001",29498,"Hurt, Austin",2,NA,NA,NA,NA,NA,NA,NA,NA
"1002",29500,"Ishee, Nic",2,NA,NA,NA,NA,NA,NA,NA,NA
"1003",29501,"Jones, Jared",2,NA,NA,NA,NA,NA,NA,NA,NA
"1004",29502,"Newman, Dylan",2,NA,NA,NA,NA,NA,NA,NA,NA
"1005",29503,"Oakley, Zac",2,NA,NA,NA,NA,NA,NA,NA,NA
"1006",29579,"Carrera, Luis",2,NA,NA,NA,NA,NA,NA,NA,NA
"1007",29689,"Longbella, Thomas",2,NA,NA,NA,NA,NA,NA,NA,NA
"1008",29708,"Vrzich, Joey",2,NA,NA,NA,NA,NA,NA,NA,NA
"1009",29713,"Buhl, William",2,NA,NA,NA,NA,NA,NA,NA,NA
"1010",29765,"Beckler, Andrew",2,NA,NA,NA,NA,NA,NA,NA,NA
"1011",29766,"Calkins, Brady",2,NA,NA,NA,NA,NA,NA,NA,NA
"1012",29768,"Lorenz, Ben",2,NA,NA,NA,NA,NA,NA,NA,NA
"1013",29914,"Jahn, Charles",2,NA,NA,NA,NA,NA,NA,NA,NA
"1014",29948,"Boneta, Albert",2,NA,NA,NA,NA,NA,NA,NA,NA
"1015",29970,"Menante, Dylan",2,NA,NA,NA,NA,NA,NA,NA,NA
"1016",30339,"Lowe, Taylor",2,NA,NA,NA,NA,NA,NA,NA,NA
"1017",30404,"Murphy, Sam",2,NA,NA,NA,NA,NA,NA,NA,NA
"1018",30405,"Wilkinson, Brice",2,NA,NA,NA,NA,NA,NA,NA,NA
"1019",30406,"Hanko, Joseph",2,NA,NA,NA,NA,NA,NA,NA,NA
"1020",30430,"Deminsky, Derek",2,NA,NA,NA,NA,NA,NA,NA,NA
"1021",30462,"Jones, Nick",2,NA,NA,NA,NA,NA,NA,NA,NA
"1022",30618,"Akana, Blaze",2,NA,NA,NA,NA,NA,NA,NA,NA
"1023",30619,"Castillo, Michael",2,NA,NA,NA,NA,NA,NA,NA,NA
"1024",30622,"Herrera, Michael",2,NA,NA,NA,NA,NA,NA,NA,NA
"1025",30649,"Kingsley, Harrison",2,NA,NA,NA,NA,NA,NA,NA,NA
"1026",30690,"Wall, Jack",2,NA,NA,NA,NA,NA,NA,NA,NA
"1027",30730,"Cantwell, Tim",2,NA,NA,NA,NA,NA,NA,NA,NA
"1028",30731,"Saavedra-Davila, Diego",2,NA,NA,NA,NA,NA,NA,NA,NA
"1029",30736,"Adrounie, Tom",2,NA,NA,NA,NA,NA,NA,NA,NA
"1030",30795,"Maxwell, Kyle",2,NA,NA,NA,NA,NA,NA,NA,NA
"1031",30796,"Kim, Justin",2,NA,NA,NA,NA,NA,NA,NA,NA
"1032",30986,"Knauth, William",2,NA,NA,NA,NA,NA,NA,NA,NA
"1033",31027,"Shattuck, Braden",2,NA,NA,NA,NA,NA,NA,NA,NA
"1034",31028,"Sanger, Chris",2,NA,NA,NA,NA,NA,NA,NA,NA
"1035",31029,"Grove, Russell",2,NA,NA,NA,NA,NA,NA,NA,NA
"1036",31030,"Cahill, Matt",2,NA,NA,NA,NA,NA,NA,NA,NA
"1037",31160,"Durham, Taylor",2,NA,NA,NA,NA,NA,NA,NA,NA
"1038",31188,"Valdes, Brendan",2,NA,NA,NA,NA,NA,NA,NA,NA
"1039",31189,"Simmons, Isaac",2,NA,NA,NA,NA,NA,NA,NA,NA
"1040",31190,"Cavaliere, Christian",2,NA,NA,NA,NA,NA,NA,NA,NA
"1041",31215,"Kuhl, Tommy",2,NA,NA,NA,NA,NA,NA,NA,NA
"1042",31284,"Martin, Kyle",2,NA,NA,NA,NA,NA,NA,NA,NA
"1043",31311,"Giannetto, Jay",2,NA,NA,NA,NA,NA,NA,NA,NA
"1044",31312,"Larson, Anders",2,NA,NA,NA,NA,NA,NA,NA,NA
"1045",31313,"Martin, Reid",2,NA,NA,NA,NA,NA,NA,NA,NA
"1046",10001604,"Jurgensen, Steve",2,NA,NA,NA,NA,NA,NA,NA,NA
"1047",10006693,"Tanigawa, Ken",2,NA,NA,NA,NA,NA,NA,NA,NA
"1048",10011563,"Swan, Kim",2,NA,NA,NA,NA,NA,NA,NA,NA
"1049",7981,"Shields, Kevin",1,NA,NA,NA,NA,NA,NA,NA,NA
"1050",2717,"Smith, Bradley",0,NA,NA,NA,NA,NA,NA,NA,NA
"1051",3703,"Schneider, Brad",0,NA,NA,NA,NA,NA,NA,NA,NA
"1052",3937,"Demsey, Todd",0,NA,NA,NA,NA,NA,NA,NA,NA
"1053",4302,"DiMarco, Chris",0,NA,NA,NA,NA,NA,NA,NA,NA
"1054",5687,"Tidland, Chris",0,NA,NA,NA,NA,NA,NA,NA,NA
"1055",6083,"Rowell, Brian",0,NA,NA,NA,NA,NA,NA,NA,NA
"1056",6204,"Elder, Brad",0,NA,NA,NA,NA,NA,NA,NA,NA
"1057",6401,"Stiles, Darron",0,NA,NA,NA,NA,NA,NA,NA,NA
"1058",6421,"Parel, Scott",0,NA,NA,NA,NA,NA,NA,NA,NA
"1059",6707,"Capone, Mike",0,NA,NA,NA,NA,NA,NA,NA,NA
"1060",6906,"Murphy, Mark",0,NA,NA,NA,NA,NA,NA,NA,NA
"1061",6938,"Loar, Edward",0,NA,NA,NA,NA,NA,NA,NA,NA
"1062",7099,"LeBrun, Steve",0,NA,NA,NA,NA,NA,NA,NA,NA
"1063",7122,"Kennedy, Troy",0,NA,NA,NA,NA,NA,NA,NA,NA
"1064",7149,"Mathis, David",0,NA,NA,NA,NA,NA,NA,NA,NA
"1065",7166,"Tryon, Ty",0,NA,NA,NA,NA,NA,NA,NA,NA
"1066",7415,"Ordonez, Miguel",0,NA,NA,NA,NA,NA,NA,NA,NA
"1067",7492,"Tolan, Derek",0,NA,NA,NA,NA,NA,NA,NA,NA
"1068",7543,"Brigman, D.J.",0,NA,NA,NA,NA,NA,NA,NA,NA
"1069",7623,"Aragon, Alex",0,NA,NA,NA,NA,NA,NA,NA,NA
"1070",7641,"Letzig, Michael",0,NA,NA,NA,NA,NA,NA,NA,NA
"1071",7681,"Sim, Michael",0,NA,NA,NA,NA,NA,NA,NA,NA
"1072",8130,"Love, James",0,NA,NA,NA,NA,NA,NA,NA,NA
"1073",8202,"Harlingten, Seann",0,NA,NA,NA,NA,NA,NA,NA,NA
"1074",8211,"Lee, D.H.",0,NA,NA,NA,NA,NA,NA,NA,NA
"1075",8388,"Lutterus, David",0,NA,NA,NA,NA,NA,NA,NA,NA
"1076",8485,"McDonald, Bruce",0,NA,NA,NA,NA,NA,NA,NA,NA
"1077",8670,"Toledo, Jos",0,NA,NA,NA,NA,NA,NA,NA,NA
"1078",9167,"Mackenzie, Brock",0,NA,NA,NA,NA,NA,NA,NA,NA
"1079",9197,"Melton, Brett",0,NA,NA,NA,NA,NA,NA,NA,NA
"1080",9687,"Smith, Byron",0,NA,NA,NA,NA,NA,NA,NA,NA
"1081",9772,"Price, Aron",0,NA,NA,NA,NA,NA,NA,NA,NA
"1082",9872,"Davidson, Matt",0,NA,NA,NA,NA,NA,NA,NA,NA
"1083",9910,"Tomasulo, Peter",0,NA,NA,NA,NA,NA,NA,NA,NA
"1084",10791,"Pistorius, Albert",0,NA,NA,NA,NA,NA,NA,NA,NA
"1085",10861,"Arnold, Jamie",0,NA,NA,NA,NA,NA,NA,NA,NA
"1086",10871,"Wagner, Alan",0,NA,NA,NA,NA,NA,NA,NA,NA
"1087",11383,"Schachner, Michael",0,NA,NA,NA,NA,NA,NA,NA,NA
"1088",11499,"Sullivan, Patrick",0,NA,NA,NA,NA,NA,NA,NA,NA
"1089",11673,"Finau, Gipper",0,NA,NA,NA,NA,NA,NA,NA,NA
"1090",11679,"Nicoletti, Michael",0,NA,NA,NA,NA,NA,NA,NA,NA
"1091",11900,"Dominguez, Emilio",0,NA,NA,NA,NA,NA,NA,NA,NA
"1092",12074,"Mechereffe, Fernando",0,NA,NA,NA,NA,NA,NA,NA,NA
"1093",12392,"Swanson, Ryan",0,NA,NA,NA,NA,NA,NA,NA,NA
"1094",12401,"Randall, Dwayne",0,NA,NA,NA,NA,NA,NA,NA,NA
"1095",12416,"Weaver, Drew",0,NA,NA,NA,NA,NA,NA,NA,NA
"1096",12445,"Smith, Ted",0,NA,NA,NA,NA,NA,NA,NA,NA
"1097",12826,"Beaufils, Ray",0,NA,NA,NA,NA,NA,NA,NA,NA
"1098",12834,"Younan, Jake",0,NA,NA,NA,NA,NA,NA,NA,NA
"1099",12975,"Hart, Adam",0,NA,NA,NA,NA,NA,NA,NA,NA
"1100",12982,"Murphy, Trevor",0,NA,NA,NA,NA,NA,NA,NA,NA
"1101",13104,"Blakefield, Mark",0,NA,NA,NA,NA,NA,NA,NA,NA
"1102",13131,"Hakula, Toni",0,NA,NA,NA,NA,NA,NA,NA,NA
"1103",13201,"Gavio, Santiago",0,NA,NA,NA,NA,NA,NA,NA,NA
"1104",13220,"Garcia, Andres",0,NA,NA,NA,NA,NA,NA,NA,NA
"1105",13288,"Woltman, Dan",0,NA,NA,NA,NA,NA,NA,NA,NA
"1106",13520,"Hodge, Jonathan",0,NA,NA,NA,NA,NA,NA,NA,NA
"1107",13621,"Len, Horacio",0,NA,NA,NA,NA,NA,NA,NA,NA
"1108",13681,"Blaauw, Jacques",0,"Blaauw, Jacques",4071,NA,NA,NA,"Right",NA,"https://www.espn.com/golf/player/_/id/4071/jacques-blaauw"
"1109",13740,"Chan, Lorens",0,NA,NA,NA,NA,NA,NA,NA,NA
"1110",13812,"Vanegas, David",0,NA,NA,NA,NA,NA,NA,NA,NA
"1111",13815,"Arnaud, Michael",0,NA,NA,NA,NA,NA,NA,NA,NA
"1112",13973,"Holmes, David",0,NA,NA,NA,NA,NA,NA,NA,NA
"1113",14008,"Nagy, Matt",0,NA,NA,NA,NA,NA,NA,NA,NA
"1114",14011,"Spears, Ryan",0,NA,NA,NA,NA,NA,NA,NA,NA
"1115",14083,"Van Sickle, Mike",0,NA,NA,NA,NA,NA,NA,NA,NA
"1116",14188,"Larson, Jesse",0,NA,NA,NA,NA,NA,NA,NA,NA
"1117",14274,"Trimble, Blake",0,NA,NA,NA,NA,NA,NA,NA,NA
"1118",14274,"Trimble, Blake D.",0,NA,NA,NA,NA,NA,NA,NA,NA
"1119",14341,"Meierdierks, Eric",0,NA,NA,NA,NA,NA,NA,NA,NA
"1120",14373,"Campbell, Ben J.",0,NA,NA,NA,NA,NA,NA,NA,NA
"1121",14378,"MacPherson, Bryden",0,NA,NA,NA,NA,NA,NA,NA,NA
"1122",14405,"Mason, Nick",0,NA,NA,NA,NA,NA,NA,NA,NA
"1123",14486,"Benjamin, Brad",0,NA,NA,NA,NA,NA,NA,NA,NA
"1124",14561,"Fast, Matt",0,NA,NA,NA,NA,NA,NA,NA,NA
"1125",14620,"Mollica, Phillip",0,NA,NA,NA,NA,NA,NA,NA,NA
"1126",14702,"Phelan, Kevin",0,NA,NA,NA,NA,NA,NA,NA,NA
"1127",14807,"Winings, Andy",0,NA,NA,NA,NA,NA,NA,NA,NA
"1128",14821,"Todd, Jarin",0,NA,NA,NA,NA,NA,NA,NA,NA
"1129",14849,"Rousey, Nick",0,NA,NA,NA,NA,NA,NA,NA,NA
"1130",14865,"Kemmer, Dodge",0,NA,NA,NA,NA,NA,NA,NA,NA
"1131",14878,"Whitekiller, Trent",0,NA,NA,NA,NA,NA,NA,NA,NA
"1132",14923,"Gallman, Josh",0,NA,NA,NA,NA,NA,NA,NA,NA
"1133",14983,"Caron, Rowin",0,NA,NA,NA,NA,NA,NA,NA,NA
"1134",15118,"Dale, Sean",0,NA,NA,NA,NA,NA,NA,NA,NA
"1135",15121,"Lauer, Seath",0,NA,NA,NA,NA,NA,NA,NA,NA
"1136",15238,"Echavarra, Andrs",0,NA,NA,NA,NA,NA,NA,NA,NA
"1137",15240,"Marelli, Leandro",0,NA,NA,NA,NA,NA,NA,NA,NA
"1138",15270,"Carpenter, Alex",0,NA,NA,NA,NA,NA,NA,NA,NA
"1139",15329,"Bigley, Bryan",0,NA,NA,NA,NA,NA,NA,NA,NA
"1140",15395,"Buttacavoli, Michael",0,NA,NA,NA,NA,NA,NA,NA,NA
"1141",15402,"Newman, Jack",0,NA,NA,NA,NA,NA,NA,NA,NA
"1142",15405,"Chen, Zihao Z.",0,NA,NA,NA,NA,NA,NA,NA,NA
"1143",15423,"Cornelson, Adam",0,NA,NA,NA,NA,NA,NA,NA,NA
"1144",15449,"Hudson, Bobby",0,NA,NA,NA,NA,NA,NA,NA,NA
"1145",15454,"Fulford, Spence",0,NA,NA,NA,NA,NA,NA,NA,NA
"1146",15487,"Vzquez, Sebastin",0,NA,NA,NA,NA,NA,NA,NA,NA
"1147",15633,"Smith, Scott K.",0,NA,NA,NA,NA,NA,NA,NA,NA
"1148",15635,"Hurley, John",0,NA,NA,NA,NA,NA,NA,NA,NA
"1149",15658,"Kennerly, Billy",0,NA,NA,NA,NA,NA,NA,NA,NA
"1150",15700,"DeWald, Steele",0,NA,NA,NA,NA,NA,NA,NA,NA
"1151",15704,"Juszczyk, Joseph",0,NA,NA,NA,NA,NA,NA,NA,NA
"1152",15709,"Speirs, Jesse",0,NA,NA,NA,NA,NA,NA,NA,NA
"1153",15903,"Pumarol, Guillermo",0,NA,NA,NA,NA,NA,NA,NA,NA
"1154",15907,"Silva, Gustavo",0,NA,NA,NA,NA,NA,NA,NA,NA
"1155",15956,"Imondi, Paul",0,NA,NA,NA,NA,NA,NA,NA,NA
"1156",16099,"Mills, Corbin",0,NA,NA,NA,NA,NA,NA,NA,NA
"1157",16107,"Patel, Bhavik",0,NA,NA,NA,NA,NA,NA,NA,NA
"1158",16110,"Weaver, Michael",0,NA,NA,NA,NA,NA,NA,NA,NA
"1159",16137,"Ormand, Robby",0,NA,NA,NA,NA,NA,NA,NA,NA
"1160",16138,"Richey, Brian",0,NA,NA,NA,NA,NA,NA,NA,NA
"1161",16145,"Collins, Will",0,NA,NA,NA,NA,NA,NA,NA,NA
"1162",16229,"Proveaux, Cody",0,NA,NA,NA,NA,NA,NA,NA,NA
"1163",16236,"Bercun, Mauricio",0,NA,NA,NA,NA,NA,NA,NA,NA
"1164",16237,"Fernandez, Juan Diego",0,NA,NA,NA,NA,NA,NA,NA,NA
"1165",16305,"Cochran III, Rick",0,NA,NA,NA,NA,NA,NA,NA,NA
"1166",16308,"Kring, Kevin",0,NA,NA,NA,NA,NA,NA,NA,NA
"1167",16309,"Linton, Ryan",0,NA,NA,NA,NA,NA,NA,NA,NA
"1168",16311,"Newcomb, Patrick",0,NA,NA,NA,NA,NA,NA,NA,NA
"1169",16396,"Whitsett, Cory",0,"Whitsett, Cory",6928,NA,"United States","Alabama",NA,NA,"https://www.espn.com/golf/player/_/id/6928/cory-whitsett"
"1170",16410,"Sarnoff, Jake",0,NA,NA,NA,NA,NA,NA,NA,NA
"1171",16436,"Cortes, Raul",0,NA,NA,NA,NA,NA,NA,NA,NA
"1172",16440,"Rezentes, Zach",0,NA,NA,NA,NA,NA,NA,NA,NA
"1173",16488,"Browne, Jr., Olin",0,NA,NA,NA,NA,NA,NA,NA,NA
"1174",16597,"Zuluaga, Daniel",0,NA,NA,NA,NA,NA,NA,NA,NA
"1175",16709,"Villasana, Alejandro",0,NA,NA,NA,NA,NA,NA,NA,NA
"1176",16809,"Beringer, Eric",0,NA,NA,NA,NA,NA,NA,NA,NA
"1177",16810,"Borja, Piri",0,NA,NA,NA,NA,NA,NA,NA,NA
"1178",16909,"Harmeling, Evan",0,NA,NA,NA,NA,NA,NA,NA,NA
"1179",16997,"Ramirez, Ivan Camilo",0,NA,NA,NA,NA,NA,NA,NA,NA
"1180",17029,"Rivarola, Jaime Lopez",0,NA,NA,NA,NA,NA,NA,NA,NA
"1181",17029,"Rivarola, Jamie Lopez",0,NA,NA,NA,NA,NA,NA,NA,NA
"1182",17035,"Constable, Donald",0,NA,NA,NA,NA,NA,NA,NA,NA
"1183",17070,"Harrold, William",0,NA,NA,NA,NA,NA,NA,NA,NA
"1184",17174,"Tejeira, Omar",0,NA,NA,NA,NA,NA,NA,NA,NA
"1185",17199,"Martin, Bryan",0,NA,NA,NA,NA,NA,NA,NA,NA
"1186",17232,"Kim, John Young",0,NA,NA,NA,NA,NA,NA,NA,NA
"1187",17245,"Serrano, Juan Carlos",0,NA,NA,NA,NA,NA,NA,NA,NA
"1188",17260,"Gilman, Chris",0,NA,NA,NA,NA,NA,NA,NA,NA
"1189",17275,"Becker, Rafael",0,NA,NA,NA,NA,NA,NA,NA,NA
"1190",17327,"Looper, Ken",0,NA,NA,NA,NA,NA,NA,NA,NA
"1191",17366,"Mitchell, T.J.",0,NA,NA,NA,NA,NA,NA,NA,NA
"1192",17378,"Davan, Michael",0,NA,NA,NA,NA,NA,NA,NA,NA
"1193",17384,"Kim, Taewoo",0,NA,NA,NA,NA,NA,NA,NA,NA
"1194",17392,"Holland, Charlie",0,NA,NA,NA,NA,NA,NA,NA,NA
"1195",17396,"Villarreal, Armando",0,NA,NA,NA,NA,NA,NA,NA,NA
"1196",17464,"Lynn, Chip",0,NA,NA,NA,NA,NA,NA,NA,NA
"1197",17464,"Lynn, Joel",0,NA,NA,NA,NA,NA,NA,NA,NA
"1198",17510,"Straka, Sam",0,NA,NA,NA,NA,NA,NA,NA,NA
"1199",17546,"Kellen, Jeffrey",0,NA,NA,NA,NA,NA,NA,NA,NA
"1200",17547,"Long, Jace",0,NA,NA,NA,NA,NA,NA,NA,NA
"1201",17618,"Shin, Justin",0,NA,NA,NA,NA,NA,NA,NA,NA
"1202",17642,"Brown, Zahkai",0,NA,NA,NA,NA,NA,NA,NA,NA
"1203",17650,"Kuehn, Korbin",0,NA,NA,NA,NA,NA,NA,NA,NA
"1204",17719,"Eason, Greg",0,NA,NA,NA,NA,NA,NA,NA,NA
"1205",17720,"Erkenbeck, James",0,NA,NA,NA,NA,NA,NA,NA,NA
"1206",17855,"Kim, Lucas",0,NA,NA,NA,NA,NA,NA,NA,NA
"1207",17856,"Sindelar, Jamie",0,NA,NA,NA,NA,NA,NA,NA,NA
"1208",17902,"Miller, Mike",0,NA,NA,NA,NA,NA,NA,NA,NA
"1209",18046,"Faccini, Daniel",0,NA,NA,NA,NA,NA,NA,NA,NA
"1210",18075,"Hernandez, Juan Pablo",0,NA,NA,NA,NA,NA,NA,NA,NA
"1211",18162,"Fullerton, Zach",0,NA,NA,NA,NA,NA,NA,NA,NA
"1212",18185,"Cazaubn, Rodolfo",0,NA,NA,NA,NA,NA,NA,NA,NA
"1213",18190,"Hopfinger, Brad",0,NA,NA,NA,NA,NA,NA,NA,NA
"1214",18193,"Kropp, William",0,NA,NA,NA,NA,NA,NA,NA,NA
"1215",18195,"Mazziotta, Daniel",0,NA,NA,NA,NA,NA,NA,NA,NA
"1216",18217,"Kang, Matt",0,NA,NA,NA,NA,NA,NA,NA,NA
"1217",18257,"Featherstone, Colin",0,NA,NA,NA,NA,NA,NA,NA,NA
"1218",18259,"Kelpin, Barrett",0,NA,NA,NA,NA,NA,NA,NA,NA
"1219",18264,"Yonke, Curtis",0,NA,NA,NA,NA,NA,NA,NA,NA
"1220",18296,"Lee, Brandon",0,NA,NA,NA,NA,NA,NA,NA,NA
"1221",18349,"Kim, T.K.",0,NA,NA,NA,NA,NA,NA,NA,NA
"1222",18373,"Webb, Adam",0,NA,NA,NA,NA,NA,NA,NA,NA
"1223",18377,"Fair, Seth",0,NA,NA,NA,NA,NA,NA,NA,NA
"1224",18434,"Cochran, Nicholas",0,NA,NA,NA,NA,NA,NA,NA,NA
"1225",18436,"Hughes, Brian",0,NA,NA,NA,NA,NA,NA,NA,NA
"1226",18534,"Hudson, Rob",0,NA,NA,NA,NA,NA,NA,NA,NA
"1227",18535,"Madigan, Timothy",0,NA,NA,NA,NA,NA,NA,NA,NA
"1228",18551,"Woodall, Bruce",0,NA,NA,NA,NA,NA,NA,NA,NA
"1229",18590,"Hueber, Justin",0,NA,NA,NA,NA,NA,NA,NA,NA
"1230",18632,"Love, Sam",0,NA,NA,NA,NA,NA,NA,NA,NA
"1231",18633,"McIver, Brandon",0,NA,NA,NA,NA,NA,NA,NA,NA
"1232",18700,"Aylwin, Kevin",0,NA,NA,NA,NA,NA,NA,NA,NA
"1233",18713,"Lucas, Kevin",0,NA,NA,NA,NA,NA,NA,NA,NA
"1234",18791,"Gehl, Brad",0,NA,NA,NA,NA,NA,NA,NA,NA
"1235",18826,"Sparks, Hunter",0,NA,NA,NA,NA,NA,NA,NA,NA
"1236",18871,"Schall, Matt",0,NA,NA,NA,NA,NA,NA,NA,NA
"1237",19006,"Miranda, Jose Andres",0,NA,NA,NA,NA,NA,NA,NA,NA
"1238",19007,"Moncayo, Juan",0,NA,NA,NA,NA,NA,NA,NA,NA
"1239",19059,"Sakane, Michael",0,NA,NA,NA,NA,NA,NA,NA,NA
"1240",19079,"Ruiz, Gerardo",0,NA,NA,NA,NA,NA,NA,NA,NA
"1241",19103,"Rincn Gallardo, Pablo",0,NA,NA,NA,NA,NA,NA,NA,NA
"1242",19106,"Villar, Jorge",0,NA,NA,NA,NA,NA,NA,NA,NA
"1243",19232,"Smyth, Travis",0,NA,NA,NA,NA,NA,NA,NA,NA
"1244",19271,"Crouch, Timothy",0,NA,NA,NA,NA,NA,NA,NA,NA
"1245",19296,"Gallegos, Andres",0,NA,NA,NA,NA,NA,NA,NA,NA
"1246",19429,"Naidoo, Dylan",0,NA,NA,NA,NA,NA,NA,NA,NA
"1247",19451,"Smith, Shane",0,NA,NA,NA,NA,NA,NA,NA,NA
"1248",19453,"Maguire, MJ",0,NA,NA,NA,NA,NA,NA,NA,NA
"1249",19454,"Dominguez, Matias",0,NA,NA,NA,NA,NA,NA,NA,NA
"1250",19468,"Varadan, Khavish",0,NA,NA,NA,NA,NA,NA,NA,NA
"1251",19472,"McGowan, Michael",0,NA,NA,NA,NA,NA,NA,NA,NA
"1252",19475,"Refioglu, Dalan",0,NA,NA,NA,NA,NA,NA,NA,NA
"1253",19476,"Reimers, Johann",0,NA,NA,NA,NA,NA,NA,NA,NA
"1254",19479,"Steger, Eric",0,NA,NA,NA,NA,NA,NA,NA,NA
"1255",19480,"Trasamar, Jon",0,NA,NA,NA,NA,NA,NA,NA,NA
"1256",19488,"Vitienes, Ernesto",0,NA,NA,NA,NA,NA,NA,NA,NA
"1257",19496,"Rodriguez Cacho, Roberto",0,NA,NA,NA,NA,NA,NA,NA,NA
"1258",19541,"Davis, Henry",0,NA,NA,NA,NA,NA,NA,NA,NA
"1259",19554,"Cohen, Max",0,NA,NA,NA,NA,NA,NA,NA,NA
"1260",19592,"Howe, T.J.",0,NA,NA,NA,NA,NA,NA,NA,NA
"1261",19594,"Chang, Derek",0,NA,NA,NA,NA,NA,NA,NA,NA
"1262",19732,"Bell, Robert",0,NA,NA,NA,NA,NA,NA,NA,NA
"1263",19739,"Edmondson, Zachary",0,NA,NA,NA,NA,NA,NA,NA,NA
"1264",19746,"Letson, Doug",0,NA,NA,NA,NA,NA,NA,NA,NA
"1265",19750,"Marinell, Chase",0,NA,NA,NA,NA,NA,NA,NA,NA
"1266",19759,"Pinizzotto, Matthew",0,NA,NA,NA,NA,NA,NA,NA,NA
"1267",19770,"Thelen, Joel",0,NA,NA,NA,NA,NA,NA,NA,NA
"1268",19775,"Worrell, Chris",0,NA,NA,NA,NA,NA,NA,NA,NA
"1269",19804,"Valverde, Enrique",0,NA,NA,NA,NA,NA,NA,NA,NA
"1270",19829,"Martinson, Mikel",0,NA,NA,NA,NA,NA,NA,NA,NA
"1271",19830,"Yates, Greg",0,"Yates, Greg",10027,NA,NA,NA,"Right",NA,"https://www.espn.com/golf/player/_/id/10027/greg-yates"
"1272",19868,"Mabrey, Matt",0,NA,NA,NA,NA,NA,NA,NA,NA
"1273",19887,"Franklin, Alex",0,NA,NA,NA,NA,NA,NA,NA,NA
"1274",19937,"Steffen, Zach",0,NA,NA,NA,NA,NA,NA,NA,NA
"1275",19939,"Huff, Graysen",0,NA,NA,NA,NA,NA,NA,NA,NA
"1276",20453,"Meyers, Cameron",0,NA,NA,NA,NA,NA,NA,NA,NA
"1277",20462,"Venezio, Daniel",0,NA,NA,NA,NA,NA,NA,NA,NA
"1278",20549,"Wolfes, Scott",0,NA,NA,NA,NA,NA,NA,NA,NA
"1279",20550,"Malec, Christopher",0,NA,NA,NA,NA,NA,NA,NA,NA
"1280",20918,"Ieremia, Denzel",0,NA,NA,NA,NA,NA,NA,NA,NA
"1281",20921,"Morgan-Birke, Gabriel",0,NA,NA,NA,NA,NA,NA,NA,NA
"1282",20974,"Hernndez, Jos Antonio",0,NA,NA,NA,NA,NA,NA,NA,NA
"1283",20975,"Maruri, Nicholas",0,NA,NA,NA,NA,NA,NA,NA,NA
"1284",20997,"Hallberg, Eric",0,NA,NA,NA,NA,NA,NA,NA,NA
"1285",21152,"Bautista, Austin",0,NA,NA,NA,NA,NA,NA,NA,NA
"1286",21244,"Jaramillo, Esteban",0,NA,NA,NA,NA,NA,NA,NA,NA
"1287",21303,"De Decker, Andre",0,NA,NA,NA,NA,NA,NA,NA,NA
"1288",21321,"Murphy, Will",0,NA,NA,NA,NA,NA,NA,NA,NA
"1289",21324,"Saxon, Charlie",0,NA,NA,NA,NA,NA,NA,NA,NA
"1290",21328,"Valentine, Trey",0,NA,NA,NA,NA,NA,NA,NA,NA
"1291",21329,"Whelan, Jack",0,NA,NA,NA,NA,NA,NA,NA,NA
"1292",21376,"Wang, Charles",0,NA,NA,NA,NA,NA,NA,NA,NA
"1293",21380,"Dobbelaar, Louis",0,NA,NA,NA,NA,NA,NA,NA,NA
"1294",21427,"Beck, Jimmy",0,NA,NA,NA,NA,NA,NA,NA,NA
"1295",21502,"Brunner, Brad",0,NA,NA,NA,NA,NA,NA,NA,NA
"1296",21892,"Lee, David",0,NA,NA,NA,NA,NA,NA,NA,NA
"1297",21897,"Parkinson, Joe",0,NA,NA,NA,NA,NA,NA,NA,NA
"1298",21905,"Tolladay, Michael",0,NA,NA,NA,NA,NA,NA,NA,NA
"1299",21941,"Fletcher, Spencer",0,NA,NA,NA,NA,NA,NA,NA,NA
"1300",22087,"Paul, Jeremy",0,NA,NA,NA,NA,NA,NA,NA,NA
"1301",22204,"Marsico, Max",0,NA,NA,NA,NA,NA,NA,NA,NA
"1302",22207,"Van Horne, Ashton",0,NA,NA,NA,NA,NA,NA,NA,NA
"1303",22254,"Marriott, Jake",0,NA,NA,NA,NA,NA,NA,NA,NA
"1304",22456,"Bateman, Andrew",0,NA,NA,NA,NA,NA,NA,NA,NA
"1305",22459,"O'Neill, Chris",0,NA,NA,NA,NA,NA,NA,NA,NA
"1306",22466,"Devault, Jace",0,NA,NA,NA,NA,NA,NA,NA,NA
"1307",22736,"Rosenmueller, Thomas",0,NA,NA,NA,NA,NA,NA,NA,NA
"1308",22770,"Andrews, Bo",0,NA,NA,NA,NA,NA,NA,NA,NA
"1309",22832,"Gomez, Santiago",0,NA,NA,NA,NA,NA,NA,NA,NA
"1310",22836,"Rubio, Gonzalo",0,NA,NA,NA,NA,NA,NA,NA,NA
"1311",22951,"Bradshaw, Thomas",0,NA,NA,NA,NA,NA,NA,NA,NA
"1312",22952,"Kalozdi, Camilo",0,NA,NA,NA,NA,NA,NA,NA,NA
"1313",22977,"Dornes, JD",0,NA,NA,NA,NA,NA,NA,NA,NA
"1314",22979,"Kelly, Tee-K",0,NA,NA,NA,NA,NA,NA,NA,NA
"1315",22979,"Kelly, Timothy",0,NA,NA,NA,NA,NA,NA,NA,NA
"1316",22986,"Tuten, Shad",0,NA,NA,NA,NA,NA,NA,NA,NA
"1317",22987,"Wedel, Fred",0,NA,NA,NA,NA,NA,NA,NA,NA
"1318",22987,"Wedel, Frederick",0,NA,NA,NA,NA,NA,NA,NA,NA
"1319",23015,"Denlinger, David",0,NA,NA,NA,NA,NA,NA,NA,NA
"1320",23050,"Creighton, Peter",0,NA,NA,NA,NA,NA,NA,NA,NA
"1321",23054,"Bryan, IV, George",0,NA,NA,NA,NA,NA,NA,NA,NA
"1322",23101,"Lewis, Myles",0,NA,NA,NA,NA,NA,NA,NA,NA
"1323",23140,"Smith, Trevor",0,NA,NA,NA,NA,NA,NA,NA,NA
"1324",23430,"Capps, Miller",0,NA,NA,NA,NA,NA,NA,NA,NA
"1325",23431,"Vartelas, Geoff",0,NA,NA,NA,NA,NA,NA,NA,NA
"1326",23436,"Wiggins, Victor",0,NA,NA,NA,NA,NA,NA,NA,NA
"1327",23455,"Brame, Grady",0,NA,NA,NA,NA,NA,NA,NA,NA
"1328",23463,"Finnell, Skyler",0,NA,NA,NA,NA,NA,NA,NA,NA
"1329",23477,"Palmer, Blake",0,NA,NA,NA,NA,NA,NA,NA,NA
"1330",23479,"Picanso, Matthew",0,NA,NA,NA,NA,NA,NA,NA,NA
"1331",23484,"Stringfellow, Daniel",0,NA,NA,NA,NA,NA,NA,NA,NA
"1332",23485,"Walsh, Sean",0,NA,NA,NA,NA,NA,NA,NA,NA
"1333",23504,"Hoey, Richard",0,NA,NA,NA,NA,NA,NA,NA,NA
"1334",23533,"Smith, Derek",0,NA,NA,NA,NA,NA,NA,NA,NA
"1335",23534,"Titsworth, Beau",0,NA,NA,NA,NA,NA,NA,NA,NA
"1336",23535,"Tynan, Tim",0,NA,NA,NA,NA,NA,NA,NA,NA
"1337",23597,"Kelly, Scott",0,NA,NA,NA,NA,NA,NA,NA,NA
"1338",23598,"Ricard, Eric",0,NA,NA,NA,NA,NA,NA,NA,NA
"1339",23605,"Jacobs, Carson",0,NA,NA,NA,NA,NA,NA,NA,NA
"1340",23607,"Yankovich, Nathan",0,NA,NA,NA,NA,NA,NA,NA,NA
"1341",23712,"Gonda, Travis",0,NA,NA,NA,NA,NA,NA,NA,NA
"1342",23713,"Korte, Dustin",0,NA,NA,NA,NA,NA,NA,NA,NA
"1343",23727,"Guthmiller, Jace",0,NA,NA,NA,NA,NA,NA,NA,NA
"1344",23728,"Reinertson, Rylee",0,NA,NA,NA,NA,NA,NA,NA,NA
"1345",23735,"Quinones, Douglas",0,NA,NA,NA,NA,NA,NA,NA,NA
"1346",23736,"Weems, Josh",0,NA,NA,NA,NA,NA,NA,NA,NA
"1347",23743,"Sanders, David",0,NA,NA,NA,NA,NA,NA,NA,NA
"1348",23805,"Bryant, Justin",0,NA,NA,NA,NA,NA,NA,NA,NA
"1349",23806,"Zech, Ryan",0,NA,NA,NA,NA,NA,NA,NA,NA
"1350",23809,"Curry, Stephen",0,NA,NA,NA,NA,NA,NA,NA,NA
"1351",23810,"McNealy, Colt",0,NA,NA,NA,NA,NA,NA,NA,NA
"1352",23841,"Neergaard-Petersen, Rasmus",0,NA,NA,NA,NA,NA,NA,NA,NA
"1353",23851,"Huddy, Walker",0,NA,NA,NA,NA,NA,NA,NA,NA
"1354",23888,"McCarthy, Brax",0,NA,NA,NA,NA,NA,NA,NA,NA
"1355",23888,"McCarthy, James",0,NA,NA,NA,NA,NA,NA,NA,NA
"1356",23925,"Flenniken, Casey",0,NA,NA,NA,NA,NA,NA,NA,NA
"1357",23926,"Hawkins, Brad",0,NA,NA,NA,NA,NA,NA,NA,NA
"1358",23927,"Termeer, Tayler",0,NA,NA,NA,NA,NA,NA,NA,NA
"1359",23980,"Kalia, Samer",0,NA,NA,NA,NA,NA,NA,NA,NA
"1360",24037,"Torres, Luis Felipe",0,NA,NA,NA,NA,NA,NA,NA,NA
"1361",24091,"Voke, Nick",0,NA,NA,NA,NA,NA,NA,NA,NA
"1362",24170,"List, Danny",0,NA,NA,NA,NA,NA,NA,NA,NA
"1363",24297,"Cheung, Matthew",0,NA,NA,NA,NA,NA,NA,NA,NA
"1364",24347,"Gorospe, Lemon",0,NA,NA,NA,NA,NA,NA,NA,NA
"1365",24374,"Bell, Julio",0,NA,NA,NA,NA,NA,NA,NA,NA
"1366",24462,"Siegler, Ryan",0,NA,NA,NA,NA,NA,NA,NA,NA
"1367",24463,"Sluman, Trevor",0,NA,NA,NA,NA,NA,NA,NA,NA
"1368",24467,"Ruiz, Alfredo",0,NA,NA,NA,NA,NA,NA,NA,NA
"1369",24490,"Galletti, Nicolo",0,NA,NA,NA,NA,NA,NA,NA,NA
"1370",24493,"Lee, Joshua",0,NA,NA,NA,NA,NA,NA,NA,NA
"1371",24500,"White, Peyton",0,NA,NA,NA,NA,NA,NA,NA,NA
"1372",24523,"Davenport, Riley",0,NA,NA,NA,NA,NA,NA,NA,NA
"1373",24524,"Smith, Michael A",0,NA,NA,NA,NA,NA,NA,NA,NA
"1374",24525,"Dunn, Matthew",0,NA,NA,NA,NA,NA,NA,NA,NA
"1375",24541,"Yeung, Motin",0,NA,NA,NA,NA,NA,NA,NA,NA
"1376",24542,"Hopke, Wehman",0,NA,NA,NA,NA,NA,NA,NA,NA
"1377",24563,"Beltran, Mario",0,NA,NA,NA,NA,NA,NA,NA,NA
"1378",24585,"Higgs, Alex",0,NA,NA,NA,NA,NA,NA,NA,NA
"1379",24599,"Shaun, Corey",0,NA,NA,NA,NA,NA,NA,NA,NA
"1380",24714,"McClung, Mac",0,NA,NA,NA,NA,NA,NA,NA,NA
"1381",24741,"Boteler, Wade",0,NA,NA,NA,NA,NA,NA,NA,NA
"1382",24742,"Davis, Taylor",0,NA,NA,NA,NA,NA,NA,NA,NA
"1383",24743,"Howard, Cory",0,NA,NA,NA,NA,NA,NA,NA,NA
"1384",24907,"Owen, Jake",0,NA,NA,NA,NA,NA,NA,NA,NA
"1385",24939,"Blickle, Alex",0,NA,NA,NA,NA,NA,NA,NA,NA
"1386",24940,"Hearden, Richard",0,NA,NA,NA,NA,NA,NA,NA,NA
"1387",24942,"Liringis, Matt",0,NA,NA,NA,NA,NA,NA,NA,NA
"1388",24946,"Kraivixien, Ray",0,NA,NA,NA,NA,NA,NA,NA,NA
"1389",24964,"Elmore, Ryan",0,NA,NA,NA,NA,NA,NA,NA,NA
"1390",24984,"Cromie, Michael",0,NA,NA,NA,NA,NA,NA,NA,NA
"1391",24986,"Waters, Barrett",0,NA,NA,NA,NA,NA,NA,NA,NA
"1392",24992,"Maccaglia, Anthony",0,NA,NA,NA,NA,NA,NA,NA,NA
"1393",25005,"Vernon, Carr",0,NA,NA,NA,NA,NA,NA,NA,NA
"1394",25007,"Springer, Alex",0,NA,NA,NA,NA,NA,NA,NA,NA
"1395",25023,"Hayes, Bo",0,NA,NA,NA,NA,NA,NA,NA,NA
"1396",25032,"Oshrine, Matthew",0,NA,NA,NA,NA,NA,NA,NA,NA
"1397",25033,"Bass, Thomas",0,NA,NA,NA,NA,NA,NA,NA,NA
"1398",25037,"Hudson, Daniel",0,NA,NA,NA,NA,NA,NA,NA,NA
"1399",25038,"Jelley, Brendon",0,NA,NA,NA,NA,NA,NA,NA,NA
"1400",25093,"Churchman, Cory",0,NA,NA,NA,NA,NA,NA,NA,NA
"1401",25133,"Overstreet, Mason",0,NA,NA,NA,NA,NA,NA,NA,NA
"1402",25149,"Fanonnel, Guillaume",0,NA,NA,NA,NA,NA,NA,NA,NA
"1403",25155,"Kelley, Blake",0,NA,NA,NA,NA,NA,NA,NA,NA
"1404",25158,"Kountakis, Emmanuel",0,NA,NA,NA,NA,NA,NA,NA,NA
"1405",25181,"Erickson, Jake",0,NA,NA,NA,NA,NA,NA,NA,NA
"1406",25182,"Price, Archer",0,NA,NA,NA,NA,NA,NA,NA,NA
"1407",25212,"Deimel, Drew",0,NA,NA,NA,NA,NA,NA,NA,NA
"1408",25222,"Lilliedahl, Linus",0,NA,NA,NA,NA,NA,NA,NA,NA
"1409",25225,"Edmister, Bryce",0,NA,NA,NA,NA,NA,NA,NA,NA
"1410",25226,"Langhoff, John",0,NA,NA,NA,NA,NA,NA,NA,NA
"1411",25227,"McClellan, Luke",0,NA,NA,NA,NA,NA,NA,NA,NA
"1412",25281,"Jeon, Seokwon",0,NA,NA,NA,NA,NA,NA,NA,NA
"1413",25282,"Sharp, Brady",0,NA,NA,NA,NA,NA,NA,NA,NA
"1414",25321,"Koser, Taylor",0,NA,NA,NA,NA,NA,NA,NA,NA
"1415",25324,"Vontz, Nate",0,NA,NA,NA,NA,NA,NA,NA,NA
"1416",25326,"Pendaries, Adrien",0,NA,NA,NA,NA,NA,NA,NA,NA
"1417",25389,"Booth, Grant",0,NA,NA,NA,NA,NA,NA,NA,NA
"1418",25391,"Petefish, Christopher",0,NA,NA,NA,NA,NA,NA,NA,NA
"1419",25409,"Weldon, Kyle",0,NA,NA,NA,NA,NA,NA,NA,NA
"1420",25440,"Grauman, Ryan",0,NA,NA,NA,NA,NA,NA,NA,NA
"1421",25443,"Morantes, Gustavo",0,NA,NA,NA,NA,NA,NA,NA,NA
"1422",25444,"Viboch, Brett",0,NA,NA,NA,NA,NA,NA,NA,NA
"1423",25475,"Nyholm, Pontus",0,NA,NA,NA,NA,NA,NA,NA,NA
"1424",25664,"Kwon, Luke",0,NA,NA,NA,NA,NA,NA,NA,NA
"1425",25690,"Guerra, Patricio",0,NA,NA,NA,NA,NA,NA,NA,NA
"1426",25712,"Errazuriz, Agustin",0,NA,NA,NA,NA,NA,NA,NA,NA
"1427",25863,"Palonis, Rick",0,NA,NA,NA,NA,NA,NA,NA,NA
"1428",25881,"Wong, Shuai Ming",0,NA,NA,NA,NA,NA,NA,NA,NA
"1429",25917,"Tsavoussis, Paul",0,NA,NA,NA,NA,NA,NA,NA,NA
"1430",25920,"Cabrera Mejia, Joaquin",0,NA,NA,NA,NA,NA,NA,NA,NA
"1431",25920,"Cabrera, Joaquin",0,NA,NA,NA,NA,NA,NA,NA,NA
"1432",25980,"DeArmond, Ben",0,NA,NA,NA,NA,NA,NA,NA,NA
"1433",25996,"Jaworski, Zachary",0,NA,NA,NA,NA,NA,NA,NA,NA
"1434",26097,"Williamson, Travis",0,NA,NA,NA,NA,NA,NA,NA,NA
"1435",26105,"Lane, Joey",0,NA,NA,NA,NA,NA,NA,NA,NA
"1436",26118,"Cannon, Blake",0,NA,NA,NA,NA,NA,NA,NA,NA
"1437",26124,"Korte, Chris",0,NA,NA,NA,NA,NA,NA,NA,NA
"1438",26126,"Meissner, Mitchell",0,NA,NA,NA,NA,NA,NA,NA,NA
"1439",26139,"Kocher, David",0,NA,NA,NA,NA,NA,NA,NA,NA
"1440",26142,"Nagy, Michael",0,NA,NA,NA,NA,NA,NA,NA,NA
"1441",26192,"Weiss, Alex",0,NA,NA,NA,NA,NA,NA,NA,NA
"1442",26328,"Eyster, Taylor",0,NA,NA,NA,NA,NA,NA,NA,NA
"1443",26330,"McNeill, Callum",0,NA,NA,NA,NA,NA,NA,NA,NA
"1444",26364,"Zawaski, Joe",0,NA,NA,NA,NA,NA,NA,NA,NA
"1445",26366,"Davis, Aaron",0,NA,NA,NA,NA,NA,NA,NA,NA
"1446",26367,"Ihrig, Gage",0,NA,NA,NA,NA,NA,NA,NA,NA
"1447",26438,"Keppler, Jonathan",0,NA,NA,NA,NA,NA,NA,NA,NA
"1448",26439,"Whitehurst, Kane",0,NA,NA,NA,NA,NA,NA,NA,NA
"1449",26508,"Doyle, Brendon",0,NA,NA,NA,NA,NA,NA,NA,NA
"1450",26513,"Burry, Zachary",0,NA,NA,NA,NA,NA,NA,NA,NA
"1451",26517,"Franken, Stephen",0,NA,NA,NA,NA,NA,NA,NA,NA
"1452",26521,"Hoelzer, Brandon",0,NA,NA,NA,NA,NA,NA,NA,NA
"1453",26531,"Walsh, Thomas",0,NA,NA,NA,NA,NA,NA,NA,NA
"1454",26577,"Dunkle, Kyler",0,NA,NA,NA,NA,NA,NA,NA,NA
"1455",26657,"Fisk, Steven",0,NA,NA,NA,NA,NA,NA,NA,NA
"1456",26662,"Jeansonne, Nathan",0,NA,NA,NA,NA,NA,NA,NA,NA
"1457",26666,"Wood, Hayden",0,NA,NA,NA,NA,NA,NA,NA,NA
"1458",26667,"Gurska, Matt",0,NA,NA,NA,NA,NA,NA,NA,NA
"1459",26668,"Hildebrand, Timothy",0,NA,NA,NA,NA,NA,NA,NA,NA
"1460",26747,"Carlson, Mitchel",0,NA,NA,NA,NA,NA,NA,NA,NA
"1461",26748,"Kupcho, Steven",0,NA,NA,NA,NA,NA,NA,NA,NA
"1462",26749,"Schmitz, Ryan",0,NA,NA,NA,NA,NA,NA,NA,NA
"1463",26750,"Triplett, Sam",0,NA,NA,NA,NA,NA,NA,NA,NA
"1464",26827,"Logue, Isaiah",0,NA,NA,NA,NA,NA,NA,NA,NA
"1465",26865,"Gempel, Tom",0,NA,NA,NA,NA,NA,NA,NA,NA
"1466",26866,"Gore, Tanner",0,NA,NA,NA,NA,NA,NA,NA,NA
"1467",26867,"Pridey, Matt",0,NA,NA,NA,NA,NA,NA,NA,NA
"1468",26868,"Scharmann, Kelby",0,NA,NA,NA,NA,NA,NA,NA,NA
"1469",26869,"Young, Nathan",0,NA,NA,NA,NA,NA,NA,NA,NA
"1470",26895,"Townsend, Gray",0,NA,NA,NA,NA,NA,NA,NA,NA
"1471",26907,"Arman, Nick",0,NA,NA,NA,NA,NA,NA,NA,NA
"1472",26908,"Wallen, Ryan",0,NA,NA,NA,NA,NA,NA,NA,NA
"1473",26953,"Gilligan, Ian",0,NA,NA,NA,NA,NA,NA,NA,NA
"1474",26999,"Scott, Alex",0,NA,NA,NA,NA,NA,NA,NA,NA
"1475",27208,"Seiple, Joshua",0,NA,NA,NA,NA,NA,NA,NA,NA
"1476",27420,"Dickson, Taylor",0,NA,NA,NA,NA,NA,NA,NA,NA
"1477",27430,"Robinson, Devaughn",0,NA,NA,NA,NA,NA,NA,NA,NA
"1478",27440,"Squires, Austin",0,NA,NA,NA,NA,NA,NA,NA,NA
"1479",27455,"Ackerman, Derek",0,NA,NA,NA,NA,NA,NA,NA,NA
"1480",27482,"Lobel, Sasha",0,NA,NA,NA,NA,NA,NA,NA,NA
"1481",27483,"Perritt, David",0,NA,NA,NA,NA,NA,NA,NA,NA
"1482",27552,"Cordova, Diego",0,NA,NA,NA,NA,NA,NA,NA,NA
"1483",27559,"Crouch, A.J.",0,NA,NA,NA,NA,NA,NA,NA,NA
"1484",27560,"Alligood, Andrew",0,NA,NA,NA,NA,NA,NA,NA,NA
"1485",27601,"Ponich, Cole",0,NA,NA,NA,NA,NA,NA,NA,NA
"1486",27625,"Howe, Connor",0,NA,NA,NA,NA,NA,NA,NA,NA
"1487",27626,"Lanting, Ben",0,NA,NA,NA,NA,NA,NA,NA,NA
"1488",27627,"Winston, Zander",0,NA,NA,NA,NA,NA,NA,NA,NA
"1489",27628,"Kobren, Jared C.",0,NA,NA,NA,NA,NA,NA,NA,NA
"1490",27658,"Kneiser, George",0,NA,NA,NA,NA,NA,NA,NA,NA
"1491",27659,"Sutton, Daniel",0,NA,NA,NA,NA,NA,NA,NA,NA
"1492",27671,"Lapa, Kolton",0,NA,NA,NA,NA,NA,NA,NA,NA
"1493",27672,"Miller, Ross",0,NA,NA,NA,NA,NA,NA,NA,NA
"1494",27687,"Forster, Thomas",0,NA,NA,NA,NA,NA,NA,NA,NA
"1495",27693,"Reed, Spencer",0,NA,NA,NA,NA,NA,NA,NA,NA
"1496",27697,"Sargent, Billy Tom",0,NA,NA,NA,NA,NA,NA,NA,NA
"1497",27762,"Velo, Kevin",0,NA,NA,NA,NA,NA,NA,NA,NA
"1498",27804,"Lilleboe, Eric",0,NA,NA,NA,NA,NA,NA,NA,NA
"1499",27854,"Lyons, Landon",0,NA,NA,NA,NA,NA,NA,NA,NA
"1500",27855,"Soosman, Spencer",0,NA,NA,NA,NA,NA,NA,NA,NA
"1501",27857,"Robinson, Daniel",0,NA,NA,NA,NA,NA,NA,NA,NA
"1502",27867,"Caldwell, Zach",0,NA,NA,NA,NA,NA,NA,NA,NA
"1503",27868,"Ono, Taisuke",0,NA,NA,NA,NA,NA,NA,NA,NA
"1504",27869,"Waite, Osten",0,NA,NA,NA,NA,NA,NA,NA,NA
"1505",27875,"Marcus, Ethan",0,NA,NA,NA,NA,NA,NA,NA,NA
"1506",28016,"Gonzalez, Emilio",0,NA,NA,NA,NA,NA,NA,NA,NA
"1507",28074,"Colgate, Michael",0,NA,NA,NA,NA,NA,NA,NA,NA
"1508",28075,"DeNeen, Morgan",0,NA,NA,NA,NA,NA,NA,NA,NA
"1509",28076,"Hardee, Jonathan",0,NA,NA,NA,NA,NA,NA,NA,NA
"1510",28135,"Pierce, Brandon",0,NA,NA,NA,NA,NA,NA,NA,NA
"1511",28136,"Bennett, Grant",0,NA,NA,NA,NA,NA,NA,NA,NA
"1512",28145,"Griz, Jonathan",0,NA,NA,NA,NA,NA,NA,NA,NA
"1513",28147,"Lotter, Reed",0,NA,NA,NA,NA,NA,NA,NA,NA
"1514",28216,"Hambright, Chad",0,NA,NA,NA,NA,NA,NA,NA,NA
"1515",28254,"Stevens, Scott",0,NA,NA,NA,NA,NA,NA,NA,NA
"1516",28271,"Tankersley, Cameron",0,NA,NA,NA,NA,NA,NA,NA,NA
"1517",28272,"Thomas, Brooks",0,NA,NA,NA,NA,NA,NA,NA,NA
"1518",28292,"Farrell, OJ",0,NA,NA,NA,NA,NA,NA,NA,NA
"1519",28311,"Foster, Hayden",0,NA,NA,NA,NA,NA,NA,NA,NA
"1520",28319,"LaRue, Bogle",0,NA,NA,NA,NA,NA,NA,NA,NA
"1521",28353,"Wilson, Jamie",0,NA,NA,NA,NA,NA,NA,NA,NA
"1522",28398,"Dillard, IV, Mulbe",0,NA,NA,NA,NA,NA,NA,NA,NA
"1523",28419,"Czuchry, Drew",0,NA,NA,NA,NA,NA,NA,NA,NA
"1524",28496,"Hillier, Charlie",0,NA,NA,NA,NA,NA,NA,NA,NA
"1525",28527,"Carlton, Hoke",0,NA,NA,NA,NA,NA,NA,NA,NA
"1526",28528,"Gupta, Aman",0,NA,NA,NA,NA,NA,NA,NA,NA
"1527",28530,"McCarron, Jace",0,NA,NA,NA,NA,NA,NA,NA,NA
"1528",28533,"Thorin, Phillip",0,NA,NA,NA,NA,NA,NA,NA,NA
"1529",28536,"Brightwell, Jonathan",0,NA,NA,NA,NA,NA,NA,NA,NA
"1530",28541,"Grider, Ryan",0,NA,NA,NA,NA,NA,NA,NA,NA
"1531",28548,"Ray, Nolan",0,NA,NA,NA,NA,NA,NA,NA,NA
"1532",28555,"Wagoner, Blake",0,NA,NA,NA,NA,NA,NA,NA,NA
"1533",28570,"Harper, Keller",0,NA,NA,NA,NA,NA,NA,NA,NA
"1534",28588,"Castillo, Christian",0,NA,NA,NA,NA,NA,NA,NA,NA
"1535",28589,"Munch, Winton",0,NA,NA,NA,NA,NA,NA,NA,NA
"1536",28590,"Odom, Greg",0,NA,NA,NA,NA,NA,NA,NA,NA
"1537",28591,"Schow, Mitchell",0,NA,NA,NA,NA,NA,NA,NA,NA
"1538",28649,"Kim, Charles",0,NA,NA,NA,NA,NA,NA,NA,NA
"1539",28650,"Proveaux, Caleb",0,NA,NA,NA,NA,NA,NA,NA,NA
"1540",28677,"Anderson, Samuel",0,NA,NA,NA,NA,NA,NA,NA,NA
"1541",29043,"Chopra, Varun",0,NA,NA,NA,NA,NA,NA,NA,NA
"1542",29078,"Davis, Ryan",0,NA,NA,NA,NA,NA,NA,NA,NA
"1543",29090,"Fox, Austin",0,NA,NA,NA,NA,NA,NA,NA,NA
"1544",29163,"Card III, Jay",0,NA,NA,NA,NA,NA,NA,NA,NA
"1545",29164,"Dyer, Blake",0,NA,NA,NA,NA,NA,NA,NA,NA
"1546",29165,"Gonzalez, Lucca",0,NA,NA,NA,NA,NA,NA,NA,NA
"1547",29170,"Restrepo, Pablo",0,NA,NA,NA,NA,NA,NA,NA,NA
"1548",29171,"Staiano, Jake",0,NA,NA,NA,NA,NA,NA,NA,NA
"1549",29190,"Pope, Cayden",0,NA,NA,NA,NA,NA,NA,NA,NA
"1550",29198,"Dilisio, Steven",0,NA,NA,NA,NA,NA,NA,NA,NA
"1551",29300,"Fribbs, Derek",0,NA,NA,NA,NA,NA,NA,NA,NA
"1552",29301,"Haskew, Luke",0,NA,NA,NA,NA,NA,NA,NA,NA
"1553",29302,"Mccrory, Jake",0,NA,NA,NA,NA,NA,NA,NA,NA
"1554",29303,"Owens, Boyd",0,NA,NA,NA,NA,NA,NA,NA,NA
"1555",29317,"Ireland, Jack",0,NA,NA,NA,NA,NA,NA,NA,NA
"1556",29323,"Dickson, Will",0,NA,NA,NA,NA,NA,NA,NA,NA
"1557",29324,"Lamb, Davis",0,NA,NA,NA,NA,NA,NA,NA,NA
"1558",29348,"Hale, Jr., Blaine",0,NA,NA,NA,NA,NA,NA,NA,NA
"1559",29362,"Wilhoit, Peyton",0,NA,NA,NA,NA,NA,NA,NA,NA
"1560",29430,"Hendrix, Bryce",0,NA,NA,NA,NA,NA,NA,NA,NA
"1561",29431,"Maum, Blake",0,NA,NA,NA,NA,NA,NA,NA,NA
"1562",29435,"Elmes, Riley",0,NA,NA,NA,NA,NA,NA,NA,NA
"1563",29465,"Whiten, Jr., Everett",0,NA,NA,NA,NA,NA,NA,NA,NA
"1564",29493,"Edwards, Greg",0,NA,NA,NA,NA,NA,NA,NA,NA
"1565",29520,"Erickson, Dan",0,NA,NA,NA,NA,NA,NA,NA,NA
"1566",29543,"Liu, Kaiwen",0,NA,NA,NA,NA,NA,NA,NA,NA
"1567",29544,"Shepherd, Drew",0,NA,NA,NA,NA,NA,NA,NA,NA
"1568",29601,"Albano, Jr., Anthony",0,NA,NA,NA,NA,NA,NA,NA,NA
"1569",29602,"Neuheisel, Joe",0,NA,NA,NA,NA,NA,NA,NA,NA
"1570",29665,"Celano, Ryan",0,NA,NA,NA,NA,NA,NA,NA,NA
"1571",29675,"Epson, Hunter",0,NA,NA,NA,NA,NA,NA,NA,NA
"1572",29684,"Infanti, Nicholas",0,NA,NA,NA,NA,NA,NA,NA,NA
"1573",29716,"Plunkett, Marcus",0,NA,NA,NA,NA,NA,NA,NA,NA
"1574",29773,"Hendrix, Jake",0,NA,NA,NA,NA,NA,NA,NA,NA
"1575",29800,"Hillier, Harry",0,NA,NA,NA,NA,NA,NA,NA,NA
"1576",29802,"Cross, Spencer",0,NA,NA,NA,NA,NA,NA,NA,NA
"1577",29828,"Anderson, Cole",0,NA,NA,NA,NA,NA,NA,NA,NA
"1578",29829,"Organisak, Matt",0,NA,NA,NA,NA,NA,NA,NA,NA
"1579",29889,"Lawrence, Jr, Mark",0,NA,NA,NA,NA,NA,NA,NA,NA
"1580",29917,"Ramirez, Caleb",0,NA,NA,NA,NA,NA,NA,NA,NA
"1581",29918,"Keffer, Geoff",0,NA,NA,NA,NA,NA,NA,NA,NA
"1582",29925,"Yellamaraju, Sudarshan",0,NA,NA,NA,NA,NA,NA,NA,NA
"1583",29972,"Derrick, Brock",0,NA,NA,NA,NA,NA,NA,NA,NA
"1584",29996,"Locke, Griffen",0,NA,NA,NA,NA,NA,NA,NA,NA
"1585",30049,"Lundell, Carson",0,NA,NA,NA,NA,NA,NA,NA,NA
"1586",30077,"Christiansen, Austen",0,NA,NA,NA,NA,NA,NA,NA,NA
"1587",30078,"Obecny II, Thadd",0,NA,NA,NA,NA,NA,NA,NA,NA
"1588",30079,"Timmins, David",0,NA,NA,NA,NA,NA,NA,NA,NA
"1589",30621,"Weiler, Joe",0,NA,NA,NA,NA,NA,NA,NA,NA
"1590",30623,"Riley, Cameron",0,NA,NA,NA,NA,NA,NA,NA,NA
"1591",30655,"Ducruet, Jean Paul",0,NA,NA,NA,NA,NA,NA,NA,NA
"1592",30656,"Duran, Samuel",0,NA,NA,NA,NA,NA,NA,NA,NA
"1593",30667,"Holcomb V, William",0,NA,NA,NA,NA,NA,NA,NA,NA
"1594",30667,"Holcomb, William",0,NA,NA,NA,NA,NA,NA,NA,NA
"1595",30807,"Purcea, Anthony",0,NA,NA,NA,NA,NA,NA,NA,NA
"1596",30808,"Smith, Ben",0,NA,NA,NA,NA,NA,NA,NA,NA
"1597",30809,"Schmidt, Connor",0,NA,NA,NA,NA,NA,NA,NA,NA
"1598",30810,"Goldenring, Sam",0,NA,NA,NA,NA,NA,NA,NA,NA
"1599",30856,"Eichhorn, Hunter",0,NA,NA,NA,NA,NA,NA,NA,NA
"1600",30890,"Long, Beni",0,NA,NA,NA,NA,NA,NA,NA,NA
"1601",30892,"Riedel, Matthew",0,NA,NA,NA,NA,NA,NA,NA,NA
"1602",30936,"Sweeney, Michael",0,NA,NA,NA,NA,NA,NA,NA,NA
"1603",30937,"Duncan, Austin",0,NA,NA,NA,NA,NA,NA,NA,NA
"1604",31049,"Cooper, Davis",0,NA,NA,NA,NA,NA,NA,NA,NA
"1605",31050,"Sterbinsky, Kyle",0,NA,NA,NA,NA,NA,NA,NA,NA
"1606",31118,"Polender, Connor",0,NA,NA,NA,NA,NA,NA,NA,NA
"1607",31119,"Nottingham, William",0,NA,NA,NA,NA,NA,NA,NA,NA
"1608",31120,"Hall, Jake",0,NA,NA,NA,NA,NA,NA,NA,NA
"1609",31121,"Taylor II, Troy",0,NA,NA,NA,NA,NA,NA,NA,NA
"1610",31122,"Salyers, Drew",0,NA,NA,NA,NA,NA,NA,NA,NA
"1611",31161,"Burnett, Ryan",0,NA,NA,NA,NA,NA,NA,NA,NA
"1612",31187,"Jin, Zihao",0,NA,NA,NA,NA,NA,NA,NA,NA
"1613",31193,"Long, Luke",0,NA,NA,NA,NA,NA,NA,NA,NA
"1614",31249,"Mattiace, Michael",0,NA,NA,NA,NA,NA,NA,NA,NA
"1615",31250,"Schultz, Cooper",0,NA,NA,NA,NA,NA,NA,NA,NA
"1616",31251,"Winstead, Trey",0,NA,NA,NA,NA,NA,NA,NA,NA
"1617",31254,"Hoff, Brandon",0,NA,NA,NA,NA,NA,NA,NA,NA
"1618",31270,"Braley, Matthew",0,NA,NA,NA,NA,NA,NA,NA,NA
"1619",31271,"McDevitt, Jack",0,NA,NA,NA,NA,NA,NA,NA,NA
"1620",31272,"Sewell, Chad",0,NA,NA,NA,NA,NA,NA,NA,NA
"1621",31285,"Lewis, Bryce",0,NA,NA,NA,NA,NA,NA,NA,NA
"1622",31306,"Daly, Connor",0,NA,NA,NA,NA,NA,NA,NA,NA
"1623",31307,"Ullestad, Trevor",0,NA,NA,NA,NA,NA,NA,NA,NA
"1624",10021335,"Maycock, Gregory",0,NA,NA,NA,NA,NA,NA,NA,NA
